Var1,Freq,Mutations
2019/12/24,0,Lineage A
2019/12/25,0,Lineage A
2019/12/26,0,Lineage A
2019/12/27,0,Lineage A
2019/12/28,0,Lineage A
2019/12/29,0,Lineage A
2019/12/30,1,Lineage A
2019/12/31,0,Lineage A
2020/1/1,0,Lineage A
2020/1/2,0,Lineage A
2020/1/3,0,Lineage A
2020/1/4,0,Lineage A
2020/1/5,1,Lineage A
2020/1/6,0,Lineage A
2020/1/7,0,Lineage A
2020/1/8,0,Lineage A
2020/1/9,0,Lineage A
2020/1/10,1,Lineage A
2020/1/11,1,Lineage A
2020/1/12,0,Lineage A
2020/1/13,1,Lineage A
2020/1/14,1,Lineage A
2020/1/15,3,Lineage A
2020/1/16,0,Lineage A
2020/1/17,2,Lineage A
2020/1/18,3,Lineage A
2020/1/19,3,Lineage A
2020/1/20,1,Lineage A
2020/1/21,7,Lineage A
2020/1/22,13,Lineage A
2020/1/23,8,Lineage A
2020/1/24,11,Lineage A
2020/1/25,17,Lineage A
2020/1/26,22,Lineage A
2020/1/27,9,Lineage A
2020/1/28,14,Lineage A
2020/1/29,17,Lineage A
2020/1/30,24,Lineage A
2020/1/31,13,Lineage A
2020/2/1,9,Lineage A
2020/2/2,19,Lineage A
2020/2/3,7,Lineage A
2020/2/4,10,Lineage A
2020/2/5,16,Lineage A
2020/2/6,8,Lineage A
2020/2/7,7,Lineage A
2020/2/8,9,Lineage A
2020/2/9,6,Lineage A
2020/2/10,2,Lineage A
2020/2/11,7,Lineage A
2020/2/12,3,Lineage A
2020/2/13,2,Lineage A
2020/2/14,6,Lineage A
2020/2/15,4,Lineage A
2020/2/16,0,Lineage A
2020/2/17,6,Lineage A
2020/2/18,1,Lineage A
2020/2/19,1,Lineage A
2020/2/20,4,Lineage A
2020/2/21,4,Lineage A
2020/2/22,7,Lineage A
2020/2/23,5,Lineage A
2020/2/24,5,Lineage A
2020/2/25,12,Lineage A
2020/2/26,8,Lineage A
2020/2/27,9,Lineage A
2020/2/28,22,Lineage A
2020/2/29,32,Lineage A
2020/3/1,31,Lineage A
2020/3/2,47,Lineage A
2020/3/3,51,Lineage A
2020/3/4,46,Lineage A
2020/3/5,90,Lineage A
2020/3/6,48,Lineage A
2020/3/7,45,Lineage A
2020/3/8,63,Lineage A
2020/3/9,120,Lineage A
2020/3/10,117,Lineage A
2020/3/11,112,Lineage A
2020/3/12,167,Lineage A
2020/3/13,247,Lineage A
2020/3/14,160,Lineage A
2020/3/15,166,Lineage A
2020/3/16,273,Lineage A
2020/3/17,220,Lineage A
2020/3/18,209,Lineage A
2020/3/19,196,Lineage A
2020/3/20,229,Lineage A
2020/3/21,184,Lineage A
2020/3/22,159,Lineage A
2020/3/23,197,Lineage A
2020/3/24,165,Lineage A
2020/3/25,225,Lineage A
2020/3/26,152,Lineage A
2020/3/27,158,Lineage A
2020/3/28,146,Lineage A
2020/3/29,93,Lineage A
2020/3/30,118,Lineage A
2020/3/31,127,Lineage A
2020/4/1,129,Lineage A
2020/4/2,91,Lineage A
2020/4/3,75,Lineage A
2020/4/4,54,Lineage A
2020/4/5,37,Lineage A
2020/4/6,84,Lineage A
2020/4/7,55,Lineage A
2020/4/8,91,Lineage A
2020/4/9,85,Lineage A
2020/4/10,68,Lineage A
2020/4/11,34,Lineage A
2020/4/12,33,Lineage A
2020/4/13,69,Lineage A
2020/4/14,46,Lineage A
2020/4/15,64,Lineage A
2020/4/16,34,Lineage A
2020/4/17,44,Lineage A
2020/4/18,24,Lineage A
2020/4/19,16,Lineage A
2020/4/20,56,Lineage A
2020/4/21,47,Lineage A
2020/4/22,47,Lineage A
2020/4/23,31,Lineage A
2020/4/24,21,Lineage A
2020/4/25,15,Lineage A
2020/4/26,32,Lineage A
2020/4/27,29,Lineage A
2020/4/28,29,Lineage A
2020/4/29,22,Lineage A
2020/4/30,40,Lineage A
2020/5/1,36,Lineage A
2020/5/2,13,Lineage A
2020/5/3,9,Lineage A
2020/5/4,25,Lineage A
2020/5/5,23,Lineage A
2020/5/6,18,Lineage A
2020/5/7,24,Lineage A
2020/5/8,14,Lineage A
2020/5/9,12,Lineage A
2020/5/10,12,Lineage A
2020/5/11,22,Lineage A
2020/5/12,12,Lineage A
2020/5/13,18,Lineage A
2020/5/14,17,Lineage A
2020/5/15,65,Lineage A
2020/5/16,15,Lineage A
2020/5/17,24,Lineage A
2020/5/18,59,Lineage A
2020/5/19,49,Lineage A
2020/5/20,13,Lineage A
2020/5/21,6,Lineage A
2020/5/22,13,Lineage A
2020/5/23,5,Lineage A
2020/5/24,6,Lineage A
2020/5/25,13,Lineage A
2020/5/26,14,Lineage A
2020/5/27,18,Lineage A
2020/5/28,14,Lineage A
2020/5/29,14,Lineage A
2020/5/30,5,Lineage A
2020/5/31,2,Lineage A
2020/6/1,6,Lineage A
2020/6/2,15,Lineage A
2020/6/3,7,Lineage A
2020/6/4,6,Lineage A
2020/6/5,11,Lineage A
2020/6/6,4,Lineage A
2020/6/7,4,Lineage A
2020/6/8,11,Lineage A
2020/6/9,2,Lineage A
2020/6/10,13,Lineage A
2020/6/11,23,Lineage A
2020/6/12,8,Lineage A
2020/6/13,8,Lineage A
2020/6/14,7,Lineage A
2020/6/15,16,Lineage A
2020/6/16,29,Lineage A
2020/6/17,12,Lineage A
2020/6/18,5,Lineage A
2020/6/19,16,Lineage A
2020/6/20,5,Lineage A
2020/6/21,4,Lineage A
2020/6/22,5,Lineage A
2020/6/23,6,Lineage A
2020/6/24,3,Lineage A
2020/6/25,10,Lineage A
2020/6/26,7,Lineage A
2020/6/27,5,Lineage A
2020/6/28,5,Lineage A
2020/6/29,9,Lineage A
2020/6/30,6,Lineage A
2020/7/1,5,Lineage A
2020/7/2,10,Lineage A
2020/7/3,3,Lineage A
2020/7/4,5,Lineage A
2020/7/5,3,Lineage A
2020/7/6,6,Lineage A
2020/7/7,2,Lineage A
2020/7/8,7,Lineage A
2020/7/9,4,Lineage A
2020/7/10,3,Lineage A
2020/7/11,2,Lineage A
2020/7/12,2,Lineage A
2020/7/13,20,Lineage A
2020/7/14,3,Lineage A
2020/7/15,3,Lineage A
2020/7/16,0,Lineage A
2020/7/17,5,Lineage A
2020/7/18,1,Lineage A
2020/7/19,2,Lineage A
2020/7/20,29,Lineage A
2020/7/21,6,Lineage A
2020/7/22,2,Lineage A
2020/7/23,3,Lineage A
2020/7/24,2,Lineage A
2020/7/25,1,Lineage A
2020/7/26,1,Lineage A
2020/7/27,1,Lineage A
2020/7/28,3,Lineage A
2020/7/29,2,Lineage A
2020/7/30,1,Lineage A
2020/7/31,4,Lineage A
2020/8/1,0,Lineage A
2020/8/2,1,Lineage A
2020/8/3,1,Lineage A
2020/8/4,3,Lineage A
2020/8/5,3,Lineage A
2020/8/6,3,Lineage A
2020/8/7,2,Lineage A
2020/8/8,1,Lineage A
2020/8/9,1,Lineage A
2020/8/10,4,Lineage A
2020/8/11,0,Lineage A
2020/8/12,6,Lineage A
2020/8/13,3,Lineage A
2020/8/14,5,Lineage A
2020/8/15,22,Lineage A
2020/8/16,3,Lineage A
2020/8/17,2,Lineage A
2020/8/18,2,Lineage A
2020/8/19,3,Lineage A
2020/8/20,1,Lineage A
2020/8/21,1,Lineage A
2020/8/22,2,Lineage A
2020/8/23,2,Lineage A
2020/8/24,3,Lineage A
2020/8/25,3,Lineage A
2020/8/26,5,Lineage A
2020/8/27,2,Lineage A
2020/8/28,2,Lineage A
2020/8/29,0,Lineage A
2020/8/30,0,Lineage A
2020/8/31,5,Lineage A
2020/9/1,27,Lineage A
2020/9/2,2,Lineage A
2020/9/3,0,Lineage A
2020/9/4,2,Lineage A
2020/9/5,1,Lineage A
2020/9/6,0,Lineage A
2020/9/7,2,Lineage A
2020/9/8,0,Lineage A
2020/9/9,1,Lineage A
2020/9/10,0,Lineage A
2020/9/11,9,Lineage A
2020/9/12,3,Lineage A
2020/9/13,0,Lineage A
2020/9/14,2,Lineage A
2020/9/15,1,Lineage A
2020/9/16,3,Lineage A
2020/9/17,4,Lineage A
2020/9/18,0,Lineage A
2020/9/19,0,Lineage A
2020/9/20,0,Lineage A
2020/9/21,7,Lineage A
2020/9/22,1,Lineage A
2020/9/23,3,Lineage A
2020/9/24,1,Lineage A
2020/9/25,2,Lineage A
2020/9/26,0,Lineage A
2020/9/27,0,Lineage A
2020/9/28,2,Lineage A
2020/9/29,0,Lineage A
2020/9/30,2,Lineage A
2020/10/1,0,Lineage A
2020/10/2,0,Lineage A
2020/10/3,0,Lineage A
2020/10/4,1,Lineage A
2020/10/5,0,Lineage A
2020/10/6,0,Lineage A
2020/10/7,1,Lineage A
2020/10/8,3,Lineage A
2020/10/9,2,Lineage A
2020/10/10,0,Lineage A
2020/10/11,0,Lineage A
2020/10/12,1,Lineage A
2020/10/13,1,Lineage A
2020/10/14,1,Lineage A
2020/10/15,1,Lineage A
2020/10/16,1,Lineage A
2020/10/17,2,Lineage A
2020/10/18,0,Lineage A
2020/10/19,2,Lineage A
2020/10/20,0,Lineage A
2020/10/21,2,Lineage A
2020/10/22,1,Lineage A
2020/10/23,0,Lineage A
2020/10/24,0,Lineage A
2020/10/25,0,Lineage A
2020/10/26,1,Lineage A
2020/10/27,1,Lineage A
2020/10/28,3,Lineage A
2020/10/29,7,Lineage A
2020/10/30,0,Lineage A
2020/10/31,0,Lineage A
2020/11/1,1,Lineage A
2020/11/2,0,Lineage A
2020/11/3,1,Lineage A
2020/11/4,4,Lineage A
2020/11/5,0,Lineage A
2020/11/6,5,Lineage A
2020/11/7,0,Lineage A
2020/11/8,4,Lineage A
2020/11/9,4,Lineage A
2020/11/10,3,Lineage A
2020/11/11,7,Lineage A
2020/11/12,0,Lineage A
2020/11/13,7,Lineage A
2020/11/14,7,Lineage A
2020/11/15,0,Lineage A
2020/11/16,0,Lineage A
2020/11/17,1,Lineage A
2020/11/18,0,Lineage A
2020/11/19,0,Lineage A
2020/11/20,1,Lineage A
2020/11/21,0,Lineage A
2020/11/22,0,Lineage A
2020/11/23,1,Lineage A
2020/11/24,0,Lineage A
2020/11/25,1,Lineage A
2020/11/26,1,Lineage A
2020/11/27,3,Lineage A
2020/11/28,7,Lineage A
2020/11/29,2,Lineage A
2020/11/30,0,Lineage A
2020/12/1,2,Lineage A
2020/12/2,6,Lineage A
2020/12/3,5,Lineage A
2020/12/4,8,Lineage A
2020/12/5,5,Lineage A
2020/12/6,4,Lineage A
2020/12/7,2,Lineage A
2020/12/8,15,Lineage A
2020/12/9,5,Lineage A
2020/12/10,3,Lineage A
2020/12/11,14,Lineage A
2020/12/12,6,Lineage A
2020/12/13,5,Lineage A
2020/12/14,9,Lineage A
2020/12/15,12,Lineage A
2020/12/16,11,Lineage A
2020/12/17,6,Lineage A
2020/12/18,11,Lineage A
2020/12/19,5,Lineage A
2020/12/20,34,Lineage A
2020/12/21,16,Lineage A
2020/12/22,20,Lineage A
2020/12/23,1,Lineage A
2020/12/24,9,Lineage A
2020/12/25,6,Lineage A
2020/12/26,10,Lineage A
2020/12/27,22,Lineage A
2020/12/28,21,Lineage A
2020/12/29,22,Lineage A
2020/12/30,12,Lineage A
2020/12/31,13,Lineage A
2021/1/1,5,Lineage A
2021/1/2,10,Lineage A
2021/1/3,13,Lineage A
2021/1/4,23,Lineage A
2021/1/5,8,Lineage A
2021/1/6,16,Lineage A
2021/1/7,12,Lineage A
2021/1/8,24,Lineage A
2021/1/9,25,Lineage A
2021/1/10,21,Lineage A
2021/1/11,39,Lineage A
2021/1/12,26,Lineage A
2021/1/13,19,Lineage A
2021/1/14,18,Lineage A
2021/1/15,24,Lineage A
2021/1/16,15,Lineage A
2021/1/17,14,Lineage A
2021/1/18,27,Lineage A
2021/1/19,35,Lineage A
2021/1/20,20,Lineage A
2021/1/21,28,Lineage A
2021/1/22,30,Lineage A
2021/1/23,14,Lineage A
2021/1/24,17,Lineage A
2021/1/25,36,Lineage A
2021/1/26,22,Lineage A
2021/1/27,25,Lineage A
2021/1/28,23,Lineage A
2021/1/29,15,Lineage A
2021/1/30,16,Lineage A
2021/1/31,10,Lineage A
2021/2/1,18,Lineage A
2021/2/2,24,Lineage A
2021/2/3,13,Lineage A
2021/2/4,22,Lineage A
2021/2/5,25,Lineage A
2021/2/6,16,Lineage A
2021/2/7,15,Lineage A
2021/2/8,25,Lineage A
2021/2/9,26,Lineage A
2021/2/10,29,Lineage A
2021/2/11,27,Lineage A
2021/2/12,19,Lineage A
2021/2/13,17,Lineage A
2021/2/14,12,Lineage A
2021/2/15,32,Lineage A
2021/2/16,30,Lineage A
2021/2/17,22,Lineage A
2021/2/18,29,Lineage A
2021/2/19,30,Lineage A
2021/2/20,11,Lineage A
2021/2/21,10,Lineage A
2021/2/22,32,Lineage A
2021/2/23,26,Lineage A
2021/2/24,37,Lineage A
2021/2/25,21,Lineage A
2021/2/26,22,Lineage A
2021/2/27,20,Lineage A
2021/2/28,23,Lineage A
2021/3/1,43,Lineage A
2021/3/2,51,Lineage A
2021/3/3,13,Lineage A
2021/3/4,21,Lineage A
2021/3/5,33,Lineage A
2021/3/6,16,Lineage A
2021/3/7,14,Lineage A
2021/3/8,26,Lineage A
2021/3/9,32,Lineage A
2021/3/10,27,Lineage A
2021/3/11,26,Lineage A
2021/3/12,26,Lineage A
2021/3/13,17,Lineage A
2021/3/14,8,Lineage A
2021/3/15,30,Lineage A
2021/3/16,30,Lineage A
2021/3/17,37,Lineage A
2021/3/18,22,Lineage A
2021/3/19,33,Lineage A
2021/3/20,22,Lineage A
2021/3/21,11,Lineage A
2021/3/22,35,Lineage A
2021/3/23,34,Lineage A
2021/3/24,25,Lineage A
2021/3/25,37,Lineage A
2021/3/26,25,Lineage A
2021/3/27,30,Lineage A
2021/3/28,13,Lineage A
2021/3/29,31,Lineage A
2021/3/30,39,Lineage A
2021/3/31,17,Lineage A
2021/4/1,17,Lineage A
2021/4/2,16,Lineage A
2021/4/3,16,Lineage A
2021/4/4,8,Lineage A
2021/4/5,21,Lineage A
2021/4/6,22,Lineage A
2021/4/7,26,Lineage A
2021/4/8,14,Lineage A
2021/4/9,35,Lineage A
2021/4/10,29,Lineage A
2021/4/11,11,Lineage A
2021/4/12,31,Lineage A
2021/4/13,25,Lineage A
2021/4/14,15,Lineage A
2021/4/15,15,Lineage A
2021/4/16,12,Lineage A
2021/4/17,19,Lineage A
2021/4/18,13,Lineage A
2021/4/19,29,Lineage A
2021/4/20,26,Lineage A
2021/4/21,10,Lineage A
2021/4/22,21,Lineage A
2021/4/23,17,Lineage A
2021/4/24,15,Lineage A
2021/4/25,17,Lineage A
2021/4/26,14,Lineage A
2021/4/27,16,Lineage A
2021/4/28,11,Lineage A
2021/4/29,32,Lineage A
2021/4/30,24,Lineage A
2021/5/1,18,Lineage A
2021/5/2,18,Lineage A
2021/5/3,22,Lineage A
2021/5/4,16,Lineage A
2021/5/5,27,Lineage A
2021/5/6,16,Lineage A
2021/5/7,22,Lineage A
2021/5/8,19,Lineage A
2021/5/9,9,Lineage A
2021/5/10,18,Lineage A
2021/5/11,20,Lineage A
2021/5/12,14,Lineage A
2021/5/13,20,Lineage A
2021/5/14,9,Lineage A
2021/5/15,3,Lineage A
2021/5/16,13,Lineage A
2021/5/17,12,Lineage A
2021/5/18,11,Lineage A
2021/5/19,14,Lineage A
2021/5/20,15,Lineage A
2021/5/21,14,Lineage A
2021/5/22,4,Lineage A
2021/5/23,8,Lineage A
2021/5/24,4,Lineage A
2021/5/25,13,Lineage A
2021/5/26,15,Lineage A
2021/5/27,10,Lineage A
2021/5/28,13,Lineage A
2021/5/29,2,Lineage A
2021/5/30,11,Lineage A
2021/5/31,5,Lineage A
2021/6/1,8,Lineage A
2021/6/2,8,Lineage A
2021/6/3,12,Lineage A
2021/6/4,7,Lineage A
2021/6/5,3,Lineage A
2021/6/6,5,Lineage A
2021/6/7,7,Lineage A
2021/6/8,7,Lineage A
2021/6/9,10,Lineage A
2021/6/10,16,Lineage A
2021/6/11,9,Lineage A
2021/6/12,13,Lineage A
2021/6/13,8,Lineage A
2021/6/14,12,Lineage A
2021/6/15,7,Lineage A
2021/6/16,12,Lineage A
2021/6/17,7,Lineage A
2021/6/18,15,Lineage A
2021/6/19,7,Lineage A
2021/6/20,7,Lineage A
2021/6/21,15,Lineage A
2021/6/22,10,Lineage A
2021/6/23,8,Lineage A
2021/6/24,10,Lineage A
2021/6/25,11,Lineage A
2021/6/26,11,Lineage A
2021/6/27,3,Lineage A
2021/6/28,11,Lineage A
2021/6/29,27,Lineage A
2021/6/30,6,Lineage A
2021/7/1,18,Lineage A
2021/7/2,20,Lineage A
2021/7/3,11,Lineage A
2021/7/4,13,Lineage A
2021/7/5,12,Lineage A
2021/7/6,14,Lineage A
2021/7/7,18,Lineage A
2021/7/8,18,Lineage A
2021/7/9,19,Lineage A
2021/7/10,12,Lineage A
2021/7/11,5,Lineage A
2021/7/12,9,Lineage A
2021/7/13,16,Lineage A
2021/7/14,14,Lineage A
2021/7/15,10,Lineage A
2021/7/16,20,Lineage A
2021/7/17,11,Lineage A
2021/7/18,8,Lineage A
2021/7/19,11,Lineage A
2021/7/20,5,Lineage A
2021/7/21,7,Lineage A
2021/7/22,11,Lineage A
2021/7/23,21,Lineage A
2021/7/24,4,Lineage A
2021/7/25,1,Lineage A
2021/7/26,6,Lineage A
2021/7/27,10,Lineage A
2021/7/28,6,Lineage A
2021/7/29,5,Lineage A
2021/7/30,5,Lineage A
2021/7/31,4,Lineage A
2021/8/1,6,Lineage A
2021/8/2,5,Lineage A
2021/8/3,1,Lineage A
2021/8/4,2,Lineage A
2021/8/5,4,Lineage A
2021/8/6,10,Lineage A
2021/8/7,4,Lineage A
2021/8/8,2,Lineage A
2021/8/9,0,Lineage A
2021/8/10,4,Lineage A
2021/8/11,2,Lineage A
2021/8/12,3,Lineage A
2021/8/13,0,Lineage A
2021/8/14,0,Lineage A
2021/8/15,0,Lineage A
2021/8/16,3,Lineage A
2021/8/17,2,Lineage A
2021/8/18,1,Lineage A
2021/8/19,1,Lineage A
2021/8/20,0,Lineage A
2021/8/21,2,Lineage A
2021/8/22,3,Lineage A
2021/8/23,3,Lineage A
2021/8/24,1,Lineage A
2021/8/25,0,Lineage A
2021/8/26,1,Lineage A
2021/8/27,0,Lineage A
2021/8/28,0,Lineage A
2021/8/29,0,Lineage A
2021/8/30,1,Lineage A
2021/8/31,2,Lineage A
2021/9/1,0,Lineage A
2021/9/2,1,Lineage A
2021/9/3,1,Lineage A
2021/9/4,1,Lineage A
2021/9/5,0,Lineage A
2021/9/6,0,Lineage A
2021/9/7,0,Lineage A
2021/9/8,1,Lineage A
2021/9/9,1,Lineage A
2021/9/10,0,Lineage A
2021/9/11,0,Lineage A
2021/9/12,0,Lineage A
2021/9/13,0,Lineage A
2021/9/14,0,Lineage A
2021/9/15,0,Lineage A
2021/9/16,0,Lineage A
2021/9/17,0,Lineage A
2021/9/18,0,Lineage A
2021/9/19,0,Lineage A
2021/9/20,0,Lineage A
2021/9/21,2,Lineage A
2021/9/22,0,Lineage A
2021/9/23,0,Lineage A
2021/9/24,0,Lineage A
2021/9/25,0,Lineage A
2021/9/26,0,Lineage A
2021/9/27,0,Lineage A
2021/9/28,0,Lineage A
2021/9/29,1,Lineage A
2021/9/30,0,Lineage A
2021/10/1,0,Lineage A
2021/10/2,0,Lineage A
2021/10/3,0,Lineage A
2021/10/4,0,Lineage A
2021/10/5,0,Lineage A
2021/10/6,0,Lineage A
2021/10/7,0,Lineage A
2021/10/8,0,Lineage A
2021/10/9,0,Lineage A
2021/10/10,0,Lineage A
2021/10/11,0,Lineage A
2021/10/12,0,Lineage A
2021/10/13,5,Lineage A
2021/10/14,0,Lineage A
2021/10/15,0,Lineage A
2021/10/16,0,Lineage A
2021/10/17,0,Lineage A
2021/10/18,0,Lineage A
2021/10/19,0,Lineage A
2021/10/20,0,Lineage A
2021/10/21,0,Lineage A
2021/10/22,0,Lineage A
2021/10/23,0,Lineage A
2021/10/24,0,Lineage A
2021/10/25,0,Lineage A
2021/10/26,0,Lineage A
2021/10/27,0,Lineage A
2021/10/28,0,Lineage A
2021/10/29,0,Lineage A
2021/10/30,0,Lineage A
2021/10/31,0,Lineage A
2021/11/1,0,Lineage A
2021/11/2,0,Lineage A
2021/11/3,0,Lineage A
2021/11/4,0,Lineage A
2021/11/5,1,Lineage A
2021/11/6,0,Lineage A
2021/11/7,0,Lineage A
2021/11/8,0,Lineage A
2021/11/9,0,Lineage A
2021/11/10,0,Lineage A
2021/11/11,0,Lineage A
2021/11/12,0,Lineage A
2021/11/13,0,Lineage A
2021/11/14,0,Lineage A
2021/11/15,0,Lineage A
2021/11/16,0,Lineage A
2021/11/17,2,Lineage A
2021/11/18,0,Lineage A
2021/11/19,0,Lineage A
2021/11/20,0,Lineage A
2021/11/21,0,Lineage A
2021/11/22,0,Lineage A
2021/11/23,0,Lineage A
2021/11/24,0,Lineage A
2021/11/25,0,Lineage A
2021/11/26,1,Lineage A
2021/11/27,1,Lineage A
2021/11/28,0,Lineage A
2021/11/29,0,Lineage A
2021/11/30,0,Lineage A
2021/12/1,0,Lineage A
2021/12/2,0,Lineage A
2021/12/3,1,Lineage A
2021/12/4,0,Lineage A
2021/12/5,1,Lineage A
2021/12/6,0,Lineage A
2021/12/7,0,Lineage A
2021/12/8,0,Lineage A
2021/12/9,0,Lineage A
2021/12/10,0,Lineage A
2021/12/11,0,Lineage A
2021/12/12,0,Lineage A
2021/12/13,0,Lineage A
2021/12/14,0,Lineage A
2021/12/15,0,Lineage A
2021/12/16,0,Lineage A
2021/12/17,0,Lineage A
2021/12/18,0,Lineage A
2021/12/19,0,Lineage A
2021/12/20,0,Lineage A
2021/12/21,0,Lineage A
2021/12/22,0,Lineage A
2021/12/23,0,Lineage A
2021/12/24,0,Lineage A
2021/12/25,0,Lineage A
2021/12/26,0,Lineage A
2021/12/27,0,Lineage A
2021/12/28,0,Lineage A
2021/12/29,0,Lineage A
2021/12/30,0,Lineage A
2021/12/31,0,Lineage A
2022/1/1,0,Lineage A
2022/1/2,0,Lineage A
2022/1/3,0,Lineage A
2022/1/4,0,Lineage A
2022/1/5,0,Lineage A
2022/1/6,0,Lineage A
2022/1/7,0,Lineage A
2022/1/8,0,Lineage A
2022/1/9,0,Lineage A
2022/1/10,0,Lineage A
2022/1/11,0,Lineage A
2022/1/12,0,Lineage A
2022/1/13,0,Lineage A
2022/1/14,0,Lineage A
2022/1/15,0,Lineage A
2022/1/16,0,Lineage A
2022/1/17,0,Lineage A
2022/1/18,0,Lineage A
2022/1/19,0,Lineage A
2022/1/20,0,Lineage A
2022/1/21,1,Lineage A
2022/1/22,0,Lineage A
2022/1/23,0,Lineage A
2022/1/24,0,Lineage A
2022/1/25,0,Lineage A
2022/1/26,0,Lineage A
2022/1/27,0,Lineage A
2022/1/28,0,Lineage A
2022/1/29,0,Lineage A
2022/1/30,0,Lineage A
2022/1/31,0,Lineage A
2022/2/1,0,Lineage A
2022/2/2,0,Lineage A
2022/2/3,0,Lineage A
2022/2/4,0,Lineage A
2022/2/5,0,Lineage A
2022/2/6,0,Lineage A
2022/2/7,0,Lineage A
2022/2/8,0,Lineage A
2022/2/9,0,Lineage A
2022/2/10,0,Lineage A
2022/2/11,0,Lineage A
2022/2/12,0,Lineage A
2022/2/13,0,Lineage A
2022/2/14,0,Lineage A
2022/2/15,0,Lineage A
2022/2/16,0,Lineage A
2022/2/17,0,Lineage A
2022/2/18,0,Lineage A
2022/2/19,0,Lineage A
2022/2/20,0,Lineage A
2022/2/21,0,Lineage A
2022/2/22,0,Lineage A
2022/2/23,0,Lineage A
2022/2/24,0,Lineage A
2022/2/25,0,Lineage A
2022/2/26,0,Lineage A
2022/2/27,0,Lineage A
2022/2/28,1,Lineage A
2022/3/1,0,Lineage A
2022/3/2,0,Lineage A
2022/3/3,0,Lineage A
2022/3/4,0,Lineage A
2022/3/5,0,Lineage A
2022/3/6,0,Lineage A
2022/3/7,0,Lineage A
2022/3/8,0,Lineage A
2022/3/9,0,Lineage A
2022/3/10,0,Lineage A
2022/3/11,0,Lineage A
2022/3/12,0,Lineage A
2022/3/13,0,Lineage A
2022/3/14,0,Lineage A
2022/3/15,0,Lineage A
2022/3/16,0,Lineage A
2022/3/17,0,Lineage A
2022/3/18,0,Lineage A
2022/3/19,0,Lineage A
2022/3/20,0,Lineage A
2022/3/21,0,Lineage A
2022/3/22,0,Lineage A
2022/3/23,0,Lineage A
2022/3/24,0,Lineage A
2022/3/25,0,Lineage A
2022/3/26,0,Lineage A
2022/3/27,0,Lineage A
2022/3/28,0,Lineage A
2022/3/29,0,Lineage A
2022/3/30,0,Lineage A
2022/3/31,0,Lineage A
2022/4/1,0,Lineage A
2022/4/2,0,Lineage A
2022/4/3,0,Lineage A
2022/4/4,0,Lineage A
2022/4/5,0,Lineage A
2022/4/6,0,Lineage A
2022/4/7,0,Lineage A
2022/4/8,0,Lineage A
2022/4/9,0,Lineage A
2022/4/10,0,Lineage A
2022/4/11,0,Lineage A
2022/4/12,0,Lineage A
2022/4/13,0,Lineage A
2022/4/14,0,Lineage A
2022/4/15,0,Lineage A
2022/4/16,0,Lineage A
2022/4/17,0,Lineage A
2022/4/18,0,Lineage A
2022/4/19,0,Lineage A
2022/4/20,0,Lineage A
2022/4/21,0,Lineage A
2022/4/22,0,Lineage A
2022/4/23,0,Lineage A
2022/4/24,0,Lineage A
2022/4/25,0,Lineage A
2022/4/26,0,Lineage A
2022/4/27,0,Lineage A
2022/4/28,0,Lineage A
2022/4/29,0,Lineage A
2022/4/30,0,Lineage A
2022/5/1,0,Lineage A
2022/5/2,0,Lineage A
2022/5/3,0,Lineage A
2022/5/4,0,Lineage A
2022/5/5,0,Lineage A
2022/5/6,0,Lineage A
2022/5/7,0,Lineage A
2022/5/8,0,Lineage A
2022/5/9,0,Lineage A
2022/5/10,0,Lineage A
2022/5/11,0,Lineage A
2022/5/12,0,Lineage A
2022/5/13,0,Lineage A
2022/5/14,0,Lineage A
2022/5/15,0,Lineage A
2022/5/16,0,Lineage A
2022/5/17,0,Lineage A
2022/5/18,0,Lineage A
2022/5/19,0,Lineage A
2022/5/20,0,Lineage A
2022/5/21,0,Lineage A
2022/5/22,0,Lineage A
2022/5/23,0,Lineage A
2022/5/24,0,Lineage A
2022/5/25,0,Lineage A
2022/5/26,0,Lineage A
2022/5/27,0,Lineage A
2022/5/28,0,Lineage A
2022/5/29,0,Lineage A
2022/5/30,0,Lineage A
2022/5/31,0,Lineage A
2022/6/1,0,Lineage A
2022/6/2,0,Lineage A
2022/6/3,0,Lineage A
2022/6/4,0,Lineage A
2022/6/5,0,Lineage A
2022/6/6,0,Lineage A
2022/6/7,0,Lineage A
2022/6/8,0,Lineage A
2022/6/9,0,Lineage A
2022/6/10,0,Lineage A
2022/6/11,0,Lineage A
2022/6/12,0,Lineage A
2022/6/13,0,Lineage A
2022/6/14,0,Lineage A
2022/6/15,0,Lineage A
2022/6/16,0,Lineage A
2022/6/17,0,Lineage A
2022/6/18,0,Lineage A
2022/6/19,0,Lineage A
2022/6/20,0,Lineage A
2022/6/21,0,Lineage A
2022/6/22,0,Lineage A
2022/6/23,0,Lineage A
2022/6/24,0,Lineage A
2022/6/25,0,Lineage A
2022/6/26,0,Lineage A
2022/6/27,0,Lineage A
2022/6/28,0,Lineage A
2022/6/29,0,Lineage A
2022/6/30,0,Lineage A
2022/7/1,0,Lineage A
2022/7/2,0,Lineage A
2022/7/3,0,Lineage A
2022/7/4,0,Lineage A
2022/7/5,0,Lineage A
2022/7/6,0,Lineage A
2022/7/7,0,Lineage A
2022/7/8,0,Lineage A
2022/7/9,0,Lineage A
2022/7/10,0,Lineage A
2022/7/11,0,Lineage A
2022/7/12,0,Lineage A
2022/7/13,0,Lineage A
2022/7/14,0,Lineage A
2022/7/15,0,Lineage A
2022/7/16,0,Lineage A
2022/7/17,0,Lineage A
2022/7/18,0,Lineage A
2022/7/19,0,Lineage A
2022/7/20,1,Lineage A
2022/7/21,0,Lineage A
2022/7/22,0,Lineage A
2022/7/23,0,Lineage A
2022/7/24,0,Lineage A
2022/7/25,0,Lineage A
2022/7/26,0,Lineage A
2022/7/27,0,Lineage A
2022/7/28,0,Lineage A
2022/7/29,0,Lineage A
2022/7/30,0,Lineage A
2022/7/31,0,Lineage A
2022/8/1,0,Lineage A
2022/8/2,0,Lineage A
2022/8/3,0,Lineage A
2022/8/4,0,Lineage A
2022/8/5,0,Lineage A
2022/8/6,0,Lineage A
2022/8/7,0,Lineage A
2022/8/8,0,Lineage A
2022/8/9,0,Lineage A
2022/8/10,0,Lineage A
2022/8/11,0,Lineage A
2022/8/12,0,Lineage A
2022/8/13,0,Lineage A
2022/8/14,0,Lineage A
2022/8/15,0,Lineage A
2022/8/16,0,Lineage A
2022/8/17,0,Lineage A
2022/8/18,0,Lineage A
2022/8/19,0,Lineage A
2022/8/20,0,Lineage A
2022/8/21,0,Lineage A
2022/8/22,0,Lineage A
2022/8/23,0,Lineage A
2022/8/24,0,Lineage A
2022/8/25,2,Lineage A
2022/8/26,0,Lineage A
2022/8/27,0,Lineage A
2022/8/28,0,Lineage A
2022/8/29,0,Lineage A
2022/8/30,0,Lineage A
2022/8/31,0,Lineage A
2022/9/1,0,Lineage A
2022/9/2,0,Lineage A
2022/9/3,0,Lineage A
2022/9/4,0,Lineage A
2022/9/5,0,Lineage A
2022/9/6,0,Lineage A
2022/9/7,0,Lineage A
2022/9/8,0,Lineage A
2022/9/9,0,Lineage A
2022/9/10,0,Lineage A
2022/9/11,0,Lineage A
2022/9/12,0,Lineage A
2022/9/13,0,Lineage A
2022/9/14,0,Lineage A
2022/9/15,0,Lineage A
2022/9/16,0,Lineage A
2022/9/17,0,Lineage A
2022/9/18,0,Lineage A
2022/9/19,0,Lineage A
2022/9/20,0,Lineage A
2022/9/21,0,Lineage A
2022/9/22,0,Lineage A
2022/9/23,0,Lineage A
2022/9/24,0,Lineage A
2022/9/25,0,Lineage A
2022/9/26,0,Lineage A
2022/9/27,0,Lineage A
2022/9/28,0,Lineage A
2022/9/29,0,Lineage A
2022/9/30,0,Lineage A
2022/10/1,0,Lineage A
2022/10/2,0,Lineage A
2022/10/3,0,Lineage A
2019/12/24,1,Lineage B
2019/12/25,0,Lineage B
2019/12/26,1,Lineage B
2019/12/27,0,Lineage B
2019/12/28,0,Lineage B
2019/12/29,0,Lineage B
2019/12/30,18,Lineage B
2019/12/31,1,Lineage B
2020/1/1,5,Lineage B
2020/1/2,2,Lineage B
2020/1/3,1,Lineage B
2020/1/4,1,Lineage B
2020/1/5,1,Lineage B
2020/1/6,0,Lineage B
2020/1/7,0,Lineage B
2020/1/8,3,Lineage B
2020/1/9,1,Lineage B
2020/1/10,22,Lineage B
2020/1/11,2,Lineage B
2020/1/12,1,Lineage B
2020/1/13,4,Lineage B
2020/1/14,2,Lineage B
2020/1/15,2,Lineage B
2020/1/16,2,Lineage B
2020/1/17,4,Lineage B
2020/1/18,3,Lineage B
2020/1/19,3,Lineage B
2020/1/20,5,Lineage B
2020/1/21,17,Lineage B
2020/1/22,19,Lineage B
2020/1/23,24,Lineage B
2020/1/24,21,Lineage B
2020/1/25,37,Lineage B
2020/1/26,23,Lineage B
2020/1/27,25,Lineage B
2020/1/28,20,Lineage B
2020/1/29,38,Lineage B
2020/1/30,28,Lineage B
2020/1/31,18,Lineage B
2020/2/1,29,Lineage B
2020/2/2,28,Lineage B
2020/2/3,21,Lineage B
2020/2/4,19,Lineage B
2020/2/5,26,Lineage B
2020/2/6,18,Lineage B
2020/2/7,20,Lineage B
2020/2/8,24,Lineage B
2020/2/9,23,Lineage B
2020/2/10,22,Lineage B
2020/2/11,14,Lineage B
2020/2/12,5,Lineage B
2020/2/13,14,Lineage B
2020/2/14,15,Lineage B
2020/2/15,36,Lineage B
2020/2/16,30,Lineage B
2020/2/17,44,Lineage B
2020/2/18,22,Lineage B
2020/2/19,22,Lineage B
2020/2/20,34,Lineage B
2020/2/21,42,Lineage B
2020/2/22,38,Lineage B
2020/2/23,27,Lineage B
2020/2/24,57,Lineage B
2020/2/25,56,Lineage B
2020/2/26,66,Lineage B
2020/2/27,98,Lineage B
2020/2/28,126,Lineage B
2020/2/29,99,Lineage B
2020/3/1,130,Lineage B
2020/3/2,201,Lineage B
2020/3/3,275,Lineage B
2020/3/4,310,Lineage B
2020/3/5,301,Lineage B
2020/3/6,306,Lineage B
2020/3/7,287,Lineage B
2020/3/8,315,Lineage B
2020/3/9,691,Lineage B
2020/3/10,611,Lineage B
2020/3/11,750,Lineage B
2020/3/12,826,Lineage B
2020/3/13,898,Lineage B
2020/3/14,927,Lineage B
2020/3/15,1057,Lineage B
2020/3/16,1653,Lineage B
2020/3/17,1577,Lineage B
2020/3/18,1605,Lineage B
2020/3/19,1565,Lineage B
2020/3/20,1596,Lineage B
2020/3/21,1284,Lineage B
2020/3/22,1417,Lineage B
2020/3/23,2073,Lineage B
2020/3/24,1999,Lineage B
2020/3/25,1998,Lineage B
2020/3/26,1953,Lineage B
2020/3/27,2081,Lineage B
2020/3/28,1572,Lineage B
2020/3/29,1393,Lineage B
2020/3/30,2327,Lineage B
2020/3/31,1887,Lineage B
2020/4/1,1997,Lineage B
2020/4/2,1745,Lineage B
2020/4/3,1784,Lineage B
2020/4/4,1233,Lineage B
2020/4/5,1159,Lineage B
2020/4/6,1945,Lineage B
2020/4/7,1635,Lineage B
2020/4/8,1737,Lineage B
2020/4/9,1410,Lineage B
2020/4/10,1436,Lineage B
2020/4/11,1260,Lineage B
2020/4/12,923,Lineage B
2020/4/13,1566,Lineage B
2020/4/14,1434,Lineage B
2020/4/15,1326,Lineage B
2020/4/16,1296,Lineage B
2020/4/17,1322,Lineage B
2020/4/18,905,Lineage B
2020/4/19,652,Lineage B
2020/4/20,1347,Lineage B
2020/4/21,1185,Lineage B
2020/4/22,1176,Lineage B
2020/4/23,1120,Lineage B
2020/4/24,978,Lineage B
2020/4/25,676,Lineage B
2020/4/26,630,Lineage B
2020/4/27,1057,Lineage B
2020/4/28,898,Lineage B
2020/4/29,987,Lineage B
2020/4/30,1063,Lineage B
2020/5/1,919,Lineage B
2020/5/2,689,Lineage B
2020/5/3,587,Lineage B
2020/5/4,1074,Lineage B
2020/5/5,875,Lineage B
2020/5/6,793,Lineage B
2020/5/7,814,Lineage B
2020/5/8,743,Lineage B
2020/5/9,521,Lineage B
2020/5/10,418,Lineage B
2020/5/11,827,Lineage B
2020/5/12,744,Lineage B
2020/5/13,764,Lineage B
2020/5/14,793,Lineage B
2020/5/15,844,Lineage B
2020/5/16,439,Lineage B
2020/5/17,438,Lineage B
2020/5/18,928,Lineage B
2020/5/19,876,Lineage B
2020/5/20,635,Lineage B
2020/5/21,661,Lineage B
2020/5/22,629,Lineage B
2020/5/23,374,Lineage B
2020/5/24,345,Lineage B
2020/5/25,512,Lineage B
2020/5/26,604,Lineage B
2020/5/27,684,Lineage B
2020/5/28,518,Lineage B
2020/5/29,563,Lineage B
2020/5/30,319,Lineage B
2020/5/31,284,Lineage B
2020/6/1,685,Lineage B
2020/6/2,632,Lineage B
2020/6/3,629,Lineage B
2020/6/4,618,Lineage B
2020/6/5,586,Lineage B
2020/6/6,352,Lineage B
2020/6/7,413,Lineage B
2020/6/8,838,Lineage B
2020/6/9,793,Lineage B
2020/6/10,762,Lineage B
2020/6/11,964,Lineage B
2020/6/12,856,Lineage B
2020/6/13,628,Lineage B
2020/6/14,547,Lineage B
2020/6/15,1039,Lineage B
2020/6/16,1173,Lineage B
2020/6/17,1006,Lineage B
2020/6/18,1070,Lineage B
2020/6/19,1052,Lineage B
2020/6/20,618,Lineage B
2020/6/21,541,Lineage B
2020/6/22,841,Lineage B
2020/6/23,929,Lineage B
2020/6/24,964,Lineage B
2020/6/25,876,Lineage B
2020/6/26,863,Lineage B
2020/6/27,506,Lineage B
2020/6/28,467,Lineage B
2020/6/29,1068,Lineage B
2020/6/30,996,Lineage B
2020/7/1,1146,Lineage B
2020/7/2,1237,Lineage B
2020/7/3,958,Lineage B
2020/7/4,679,Lineage B
2020/7/5,524,Lineage B
2020/7/6,1082,Lineage B
2020/7/7,1100,Lineage B
2020/7/8,1257,Lineage B
2020/7/9,1287,Lineage B
2020/7/10,1221,Lineage B
2020/7/11,666,Lineage B
2020/7/12,517,Lineage B
2020/7/13,1181,Lineage B
2020/7/14,1180,Lineage B
2020/7/15,1259,Lineage B
2020/7/16,1136,Lineage B
2020/7/17,1235,Lineage B
2020/7/18,900,Lineage B
2020/7/19,656,Lineage B
2020/7/20,1124,Lineage B
2020/7/21,1207,Lineage B
2020/7/22,1137,Lineage B
2020/7/23,1078,Lineage B
2020/7/24,926,Lineage B
2020/7/25,751,Lineage B
2020/7/26,497,Lineage B
2020/7/27,1429,Lineage B
2020/7/28,1117,Lineage B
2020/7/29,1197,Lineage B
2020/7/30,1174,Lineage B
2020/7/31,1089,Lineage B
2020/8/1,862,Lineage B
2020/8/2,766,Lineage B
2020/8/3,1339,Lineage B
2020/8/4,1185,Lineage B
2020/8/5,1144,Lineage B
2020/8/6,1215,Lineage B
2020/8/7,1017,Lineage B
2020/8/8,656,Lineage B
2020/8/9,743,Lineage B
2020/8/10,1537,Lineage B
2020/8/11,1340,Lineage B
2020/8/12,1152,Lineage B
2020/8/13,1169,Lineage B
2020/8/14,1095,Lineage B
2020/8/15,737,Lineage B
2020/8/16,550,Lineage B
2020/8/17,1613,Lineage B
2020/8/18,1171,Lineage B
2020/8/19,1135,Lineage B
2020/8/20,1246,Lineage B
2020/8/21,1122,Lineage B
2020/8/22,601,Lineage B
2020/8/23,459,Lineage B
2020/8/24,1446,Lineage B
2020/8/25,1153,Lineage B
2020/8/26,1512,Lineage B
2020/8/27,1242,Lineage B
2020/8/28,1198,Lineage B
2020/8/29,691,Lineage B
2020/8/30,742,Lineage B
2020/8/31,1958,Lineage B
2020/9/1,1312,Lineage B
2020/9/2,1175,Lineage B
2020/9/3,1312,Lineage B
2020/9/4,1066,Lineage B
2020/9/5,539,Lineage B
2020/9/6,339,Lineage B
2020/9/7,1222,Lineage B
2020/9/8,1209,Lineage B
2020/9/9,1786,Lineage B
2020/9/10,1897,Lineage B
2020/9/11,1192,Lineage B
2020/9/12,513,Lineage B
2020/9/13,426,Lineage B
2020/9/14,1879,Lineage B
2020/9/15,1213,Lineage B
2020/9/16,1972,Lineage B
2020/9/17,1234,Lineage B
2020/9/18,1405,Lineage B
2020/9/19,854,Lineage B
2020/9/20,771,Lineage B
2020/9/21,2536,Lineage B
2020/9/22,1281,Lineage B
2020/9/23,1711,Lineage B
2020/9/24,2598,Lineage B
2020/9/25,1474,Lineage B
2020/9/26,748,Lineage B
2020/9/27,1054,Lineage B
2020/9/28,1568,Lineage B
2020/9/29,1441,Lineage B
2020/9/30,1489,Lineage B
2020/10/1,2180,Lineage B
2020/10/2,1455,Lineage B
2020/10/3,1187,Lineage B
2020/10/4,669,Lineage B
2020/10/5,2736,Lineage B
2020/10/6,2440,Lineage B
2020/10/7,2459,Lineage B
2020/10/8,2121,Lineage B
2020/10/9,1769,Lineage B
2020/10/10,967,Lineage B
2020/10/11,887,Lineage B
2020/10/12,2951,Lineage B
2020/10/13,1576,Lineage B
2020/10/14,1987,Lineage B
2020/10/15,2489,Lineage B
2020/10/16,1721,Lineage B
2020/10/17,1367,Lineage B
2020/10/18,891,Lineage B
2020/10/19,2451,Lineage B
2020/10/20,2371,Lineage B
2020/10/21,2935,Lineage B
2020/10/22,3001,Lineage B
2020/10/23,1895,Lineage B
2020/10/24,1293,Lineage B
2020/10/25,798,Lineage B
2020/10/26,4312,Lineage B
2020/10/27,2084,Lineage B
2020/10/28,1509,Lineage B
2020/10/29,2370,Lineage B
2020/10/30,2263,Lineage B
2020/10/31,1203,Lineage B
2020/11/1,2474,Lineage B
2020/11/2,4884,Lineage B
2020/11/3,2466,Lineage B
2020/11/4,3101,Lineage B
2020/11/5,2830,Lineage B
2020/11/6,2247,Lineage B
2020/11/7,1887,Lineage B
2020/11/8,2547,Lineage B
2020/11/9,4034,Lineage B
2020/11/10,2582,Lineage B
2020/11/11,3068,Lineage B
2020/11/12,3301,Lineage B
2020/11/13,3162,Lineage B
2020/11/14,2885,Lineage B
2020/11/15,1770,Lineage B
2020/11/16,3495,Lineage B
2020/11/17,2665,Lineage B
2020/11/18,3127,Lineage B
2020/11/19,1746,Lineage B
2020/11/20,2163,Lineage B
2020/11/21,1461,Lineage B
2020/11/22,1760,Lineage B
2020/11/23,3966,Lineage B
2020/11/24,2429,Lineage B
2020/11/25,2160,Lineage B
2020/11/26,1489,Lineage B
2020/11/27,2050,Lineage B
2020/11/28,1253,Lineage B
2020/11/29,1114,Lineage B
2020/11/30,5031,Lineage B
2020/12/1,2765,Lineage B
2020/12/2,2746,Lineage B
2020/12/3,2390,Lineage B
2020/12/4,2157,Lineage B
2020/12/5,1255,Lineage B
2020/12/6,1309,Lineage B
2020/12/7,5984,Lineage B
2020/12/8,2569,Lineage B
2020/12/9,3359,Lineage B
2020/12/10,5206,Lineage B
2020/12/11,4837,Lineage B
2020/12/12,3033,Lineage B
2020/12/13,2372,Lineage B
2020/12/14,8508,Lineage B
2020/12/15,4622,Lineage B
2020/12/16,4400,Lineage B
2020/12/17,3969,Lineage B
2020/12/18,3801,Lineage B
2020/12/19,2721,Lineage B
2020/12/20,2410,Lineage B
2020/12/21,6754,Lineage B
2020/12/22,3228,Lineage B
2020/12/23,2965,Lineage B
2020/12/24,2493,Lineage B
2020/12/25,1350,Lineage B
2020/12/26,3293,Lineage B
2020/12/27,3087,Lineage B
2020/12/28,7772,Lineage B
2020/12/29,5401,Lineage B
2020/12/30,4032,Lineage B
2020/12/31,3421,Lineage B
2021/1/1,2168,Lineage B
2021/1/2,3933,Lineage B
2021/1/3,3821,Lineage B
2021/1/4,10801,Lineage B
2021/1/5,6529,Lineage B
2021/1/6,4557,Lineage B
2021/1/7,5028,Lineage B
2021/1/8,4966,Lineage B
2021/1/9,4428,Lineage B
2021/1/10,3260,Lineage B
2021/1/11,10055,Lineage B
2021/1/12,7067,Lineage B
2021/1/13,5778,Lineage B
2021/1/14,6564,Lineage B
2021/1/15,6663,Lineage B
2021/1/16,4765,Lineage B
2021/1/17,3967,Lineage B
2021/1/18,10593,Lineage B
2021/1/19,7451,Lineage B
2021/1/20,6189,Lineage B
2021/1/21,5747,Lineage B
2021/1/22,5826,Lineage B
2021/1/23,3639,Lineage B
2021/1/24,3156,Lineage B
2021/1/25,10561,Lineage B
2021/1/26,7629,Lineage B
2021/1/27,7824,Lineage B
2021/1/28,7074,Lineage B
2021/1/29,7000,Lineage B
2021/1/30,4386,Lineage B
2021/1/31,3545,Lineage B
2021/2/1,10554,Lineage B
2021/2/2,7924,Lineage B
2021/2/3,7188,Lineage B
2021/2/4,6191,Lineage B
2021/2/5,5250,Lineage B
2021/2/6,3925,Lineage B
2021/2/7,3749,Lineage B
2021/2/8,11039,Lineage B
2021/2/9,7937,Lineage B
2021/2/10,7921,Lineage B
2021/2/11,7118,Lineage B
2021/2/12,7160,Lineage B
2021/2/13,4517,Lineage B
2021/2/14,4334,Lineage B
2021/2/15,11733,Lineage B
2021/2/16,8849,Lineage B
2021/2/17,7897,Lineage B
2021/2/18,7463,Lineage B
2021/2/19,7262,Lineage B
2021/2/20,4811,Lineage B
2021/2/21,4754,Lineage B
2021/2/22,12703,Lineage B
2021/2/23,8531,Lineage B
2021/2/24,9206,Lineage B
2021/2/25,9342,Lineage B
2021/2/26,8132,Lineage B
2021/2/27,4849,Lineage B
2021/2/28,4745,Lineage B
2021/3/1,13123,Lineage B
2021/3/2,10141,Lineage B
2021/3/3,9801,Lineage B
2021/3/4,8295,Lineage B
2021/3/5,8372,Lineage B
2021/3/6,5140,Lineage B
2021/3/7,4436,Lineage B
2021/3/8,14498,Lineage B
2021/3/9,10782,Lineage B
2021/3/10,10886,Lineage B
2021/3/11,10237,Lineage B
2021/3/12,9677,Lineage B
2021/3/13,6569,Lineage B
2021/3/14,5824,Lineage B
2021/3/15,16614,Lineage B
2021/3/16,12755,Lineage B
2021/3/17,10073,Lineage B
2021/3/18,10942,Lineage B
2021/3/19,8921,Lineage B
2021/3/20,7073,Lineage B
2021/3/21,7111,Lineage B
2021/3/22,17932,Lineage B
2021/3/23,11674,Lineage B
2021/3/24,11298,Lineage B
2021/3/25,11599,Lineage B
2021/3/26,10550,Lineage B
2021/3/27,7023,Lineage B
2021/3/28,6184,Lineage B
2021/3/29,17085,Lineage B
2021/3/30,13568,Lineage B
2021/3/31,11721,Lineage B
2021/4/1,11850,Lineage B
2021/4/2,9066,Lineage B
2021/4/3,7039,Lineage B
2021/4/4,6323,Lineage B
2021/4/5,13866,Lineage B
2021/4/6,12079,Lineage B
2021/4/7,11722,Lineage B
2021/4/8,11598,Lineage B
2021/4/9,11324,Lineage B
2021/4/10,8202,Lineage B
2021/4/11,6462,Lineage B
2021/4/12,17150,Lineage B
2021/4/13,13314,Lineage B
2021/4/14,11803,Lineage B
2021/4/15,11074,Lineage B
2021/4/16,11055,Lineage B
2021/4/17,7388,Lineage B
2021/4/18,5584,Lineage B
2021/4/19,15943,Lineage B
2021/4/20,12448,Lineage B
2021/4/21,11277,Lineage B
2021/4/22,11107,Lineage B
2021/4/23,10643,Lineage B
2021/4/24,6927,Lineage B
2021/4/25,5507,Lineage B
2021/4/26,16700,Lineage B
2021/4/27,12723,Lineage B
2021/4/28,10994,Lineage B
2021/4/29,11241,Lineage B
2021/4/30,11307,Lineage B
2021/5/1,6943,Lineage B
2021/5/2,5475,Lineage B
2021/5/3,16153,Lineage B
2021/5/4,10802,Lineage B
2021/5/5,10757,Lineage B
2021/5/6,10175,Lineage B
2021/5/7,9636,Lineage B
2021/5/8,6315,Lineage B
2021/5/9,4870,Lineage B
2021/5/10,15365,Lineage B
2021/5/11,10419,Lineage B
2021/5/12,9042,Lineage B
2021/5/13,7516,Lineage B
2021/5/14,7822,Lineage B
2021/5/15,5554,Lineage B
2021/5/16,4203,Lineage B
2021/5/17,14837,Lineage B
2021/5/18,9539,Lineage B
2021/5/19,8417,Lineage B
2021/5/20,7555,Lineage B
2021/5/21,7011,Lineage B
2021/5/22,4455,Lineage B
2021/5/23,3389,Lineage B
2021/5/24,11758,Lineage B
2021/5/25,8722,Lineage B
2021/5/26,7887,Lineage B
2021/5/27,7083,Lineage B
2021/5/28,6454,Lineage B
2021/5/29,4542,Lineage B
2021/5/30,3995,Lineage B
2021/5/31,9849,Lineage B
2021/6/1,8721,Lineage B
2021/6/2,7429,Lineage B
2021/6/3,7054,Lineage B
2021/6/4,6656,Lineage B
2021/6/5,4915,Lineage B
2021/6/6,4377,Lineage B
2021/6/7,11205,Lineage B
2021/6/8,8404,Lineage B
2021/6/9,6988,Lineage B
2021/6/10,5863,Lineage B
2021/6/11,5263,Lineage B
2021/6/12,3111,Lineage B
2021/6/13,2686,Lineage B
2021/6/14,7528,Lineage B
2021/6/15,7119,Lineage B
2021/6/16,7081,Lineage B
2021/6/17,6332,Lineage B
2021/6/18,6833,Lineage B
2021/6/19,3900,Lineage B
2021/6/20,3840,Lineage B
2021/6/21,8207,Lineage B
2021/6/22,9133,Lineage B
2021/6/23,7628,Lineage B
2021/6/24,7184,Lineage B
2021/6/25,6293,Lineage B
2021/6/26,6427,Lineage B
2021/6/27,5515,Lineage B
2021/6/28,10169,Lineage B
2021/6/29,11525,Lineage B
2021/6/30,9619,Lineage B
2021/7/1,8996,Lineage B
2021/7/2,8173,Lineage B
2021/7/3,5784,Lineage B
2021/7/4,6470,Lineage B
2021/7/5,11404,Lineage B
2021/7/6,10533,Lineage B
2021/7/7,12630,Lineage B
2021/7/8,10349,Lineage B
2021/7/9,10235,Lineage B
2021/7/10,6986,Lineage B
2021/7/11,6869,Lineage B
2021/7/12,12995,Lineage B
2021/7/13,12559,Lineage B
2021/7/14,11969,Lineage B
2021/7/15,12428,Lineage B
2021/7/16,12761,Lineage B
2021/7/17,8791,Lineage B
2021/7/18,7977,Lineage B
2021/7/19,17528,Lineage B
2021/7/20,18565,Lineage B
2021/7/21,15788,Lineage B
2021/7/22,15929,Lineage B
2021/7/23,14877,Lineage B
2021/7/24,12573,Lineage B
2021/7/25,11444,Lineage B
2021/7/26,20119,Lineage B
2021/7/27,19156,Lineage B
2021/7/28,19527,Lineage B
2021/7/29,20535,Lineage B
2021/7/30,18552,Lineage B
2021/7/31,13529,Lineage B
2021/8/1,11880,Lineage B
2021/8/2,20957,Lineage B
2021/8/3,22133,Lineage B
2021/8/4,21167,Lineage B
2021/8/5,20936,Lineage B
2021/8/6,19515,Lineage B
2021/8/7,17162,Lineage B
2021/8/8,13921,Lineage B
2021/8/9,19391,Lineage B
2021/8/10,22968,Lineage B
2021/8/11,17909,Lineage B
2021/8/12,19659,Lineage B
2021/8/13,17766,Lineage B
2021/8/14,15587,Lineage B
2021/8/15,14726,Lineage B
2021/8/16,24395,Lineage B
2021/8/17,26193,Lineage B
2021/8/18,27368,Lineage B
2021/8/19,26692,Lineage B
2021/8/20,21726,Lineage B
2021/8/21,15230,Lineage B
2021/8/22,11194,Lineage B
2021/8/23,22795,Lineage B
2021/8/24,24282,Lineage B
2021/8/25,20425,Lineage B
2021/8/26,20762,Lineage B
2021/8/27,20115,Lineage B
2021/8/28,13488,Lineage B
2021/8/29,10992,Lineage B
2021/8/30,23543,Lineage B
2021/8/31,25597,Lineage B
2021/9/1,20744,Lineage B
2021/9/2,20614,Lineage B
2021/9/3,19155,Lineage B
2021/9/4,12730,Lineage B
2021/9/5,10598,Lineage B
2021/9/6,17319,Lineage B
2021/9/7,23821,Lineage B
2021/9/8,21109,Lineage B
2021/9/9,20499,Lineage B
2021/9/10,19497,Lineage B
2021/9/11,11647,Lineage B
2021/9/12,11097,Lineage B
2021/9/13,22428,Lineage B
2021/9/14,19206,Lineage B
2021/9/15,16909,Lineage B
2021/9/16,16800,Lineage B
2021/9/17,16931,Lineage B
2021/9/18,10973,Lineage B
2021/9/19,10467,Lineage B
2021/9/20,19342,Lineage B
2021/9/21,18834,Lineage B
2021/9/22,13698,Lineage B
2021/9/23,15234,Lineage B
2021/9/24,16434,Lineage B
2021/9/25,8913,Lineage B
2021/9/26,9133,Lineage B
2021/9/27,19715,Lineage B
2021/9/28,18004,Lineage B
2021/9/29,18354,Lineage B
2021/9/30,15886,Lineage B
2021/10/1,13959,Lineage B
2021/10/2,9857,Lineage B
2021/10/3,10091,Lineage B
2021/10/4,19316,Lineage B
2021/10/5,18672,Lineage B
2021/10/6,16721,Lineage B
2021/10/7,17854,Lineage B
2021/10/8,15338,Lineage B
2021/10/9,11432,Lineage B
2021/10/10,10113,Lineage B
2021/10/11,16777,Lineage B
2021/10/12,18331,Lineage B
2021/10/13,15098,Lineage B
2021/10/14,15466,Lineage B
2021/10/15,14836,Lineage B
2021/10/16,9948,Lineage B
2021/10/17,9473,Lineage B
2021/10/18,19595,Lineage B
2021/10/19,19818,Lineage B
2021/10/20,16874,Lineage B
2021/10/21,16730,Lineage B
2021/10/22,17063,Lineage B
2021/10/23,13462,Lineage B
2021/10/24,11443,Lineage B
2021/10/25,21778,Lineage B
2021/10/26,20213,Lineage B
2021/10/27,19331,Lineage B
2021/10/28,19106,Lineage B
2021/10/29,16676,Lineage B
2021/10/30,11236,Lineage B
2021/10/31,13262,Lineage B
2021/11/1,19303,Lineage B
2021/11/2,21816,Lineage B
2021/11/3,22852,Lineage B
2021/11/4,21385,Lineage B
2021/11/5,20388,Lineage B
2021/11/6,13989,Lineage B
2021/11/7,14076,Lineage B
2021/11/8,26874,Lineage B
2021/11/9,23084,Lineage B
2021/11/10,22792,Lineage B
2021/11/11,19625,Lineage B
2021/11/12,19318,Lineage B
2021/11/13,14917,Lineage B
2021/11/14,12240,Lineage B
2021/11/15,25294,Lineage B
2021/11/16,23270,Lineage B
2021/11/17,21615,Lineage B
2021/11/18,18660,Lineage B
2021/11/19,17144,Lineage B
2021/11/20,13849,Lineage B
2021/11/21,12931,Lineage B
2021/11/22,26907,Lineage B
2021/11/23,21266,Lineage B
2021/11/24,19359,Lineage B
2021/11/25,14273,Lineage B
2021/11/26,19624,Lineage B
2021/11/27,13768,Lineage B
2021/11/28,15233,Lineage B
2021/11/29,33151,Lineage B
2021/11/30,26110,Lineage B
2021/12/1,23132,Lineage B
2021/12/2,22209,Lineage B
2021/12/3,20453,Lineage B
2021/12/4,16997,Lineage B
2021/12/5,15571,Lineage B
2021/12/6,32490,Lineage B
2021/12/7,23901,Lineage B
2021/12/8,21062,Lineage B
2021/12/9,18013,Lineage B
2021/12/10,16852,Lineage B
2021/12/11,11882,Lineage B
2021/12/12,10147,Lineage B
2021/12/13,20587,Lineage B
2021/12/14,17783,Lineage B
2021/12/15,14775,Lineage B
2021/12/16,13018,Lineage B
2021/12/17,11030,Lineage B
2021/12/18,7833,Lineage B
2021/12/19,5737,Lineage B
2021/12/20,13786,Lineage B
2021/12/21,9429,Lineage B
2021/12/22,8020,Lineage B
2021/12/23,7192,Lineage B
2021/12/24,3986,Lineage B
2021/12/25,2352,Lineage B
2021/12/26,3706,Lineage B
2021/12/27,8554,Lineage B
2021/12/28,5407,Lineage B
2021/12/29,4888,Lineage B
2021/12/30,5177,Lineage B
2021/12/31,2886,Lineage B
2022/1/1,1609,Lineage B
2022/1/2,3122,Lineage B
2022/1/3,5568,Lineage B
2022/1/4,4092,Lineage B
2022/1/5,3410,Lineage B
2022/1/6,2775,Lineage B
2022/1/7,3587,Lineage B
2022/1/8,1843,Lineage B
2022/1/9,1440,Lineage B
2022/1/10,3350,Lineage B
2022/1/11,3068,Lineage B
2022/1/12,2580,Lineage B
2022/1/13,2427,Lineage B
2022/1/14,2339,Lineage B
2022/1/15,1620,Lineage B
2022/1/16,1507,Lineage B
2022/1/17,2712,Lineage B
2022/1/18,2815,Lineage B
2022/1/19,2503,Lineage B
2022/1/20,2202,Lineage B
2022/1/21,2431,Lineage B
2022/1/22,1853,Lineage B
2022/1/23,1776,Lineage B
2022/1/24,2950,Lineage B
2022/1/25,2968,Lineage B
2022/1/26,2172,Lineage B
2022/1/27,2001,Lineage B
2022/1/28,1544,Lineage B
2022/1/29,1457,Lineage B
2022/1/30,2114,Lineage B
2022/1/31,3235,Lineage B
2022/2/1,1819,Lineage B
2022/2/2,1840,Lineage B
2022/2/3,2669,Lineage B
2022/2/4,2401,Lineage B
2022/2/5,2002,Lineage B
2022/2/6,1934,Lineage B
2022/2/7,2527,Lineage B
2022/2/8,2321,Lineage B
2022/2/9,2132,Lineage B
2022/2/10,2192,Lineage B
2022/2/11,2543,Lineage B
2022/2/12,2193,Lineage B
2022/2/13,2290,Lineage B
2022/2/14,3922,Lineage B
2022/2/15,3314,Lineage B
2022/2/16,2061,Lineage B
2022/2/17,3007,Lineage B
2022/2/18,3235,Lineage B
2022/2/19,1790,Lineage B
2022/2/20,1736,Lineage B
2022/2/21,3032,Lineage B
2022/2/22,2921,Lineage B
2022/2/23,2037,Lineage B
2022/2/24,3447,Lineage B
2022/2/25,2857,Lineage B
2022/2/26,2844,Lineage B
2022/2/27,2329,Lineage B
2022/2/28,2837,Lineage B
2022/3/1,3071,Lineage B
2022/3/2,3119,Lineage B
2022/3/3,3299,Lineage B
2022/3/4,2584,Lineage B
2022/3/5,2282,Lineage B
2022/3/6,2626,Lineage B
2022/3/7,3275,Lineage B
2022/3/8,3525,Lineage B
2022/3/9,3072,Lineage B
2022/3/10,2789,Lineage B
2022/3/11,2949,Lineage B
2022/3/12,1860,Lineage B
2022/3/13,2698,Lineage B
2022/3/14,4502,Lineage B
2022/3/15,3033,Lineage B
2022/3/16,3465,Lineage B
2022/3/17,3017,Lineage B
2022/3/18,2931,Lineage B
2022/3/19,2198,Lineage B
2022/3/20,2598,Lineage B
2022/3/21,4301,Lineage B
2022/3/22,4194,Lineage B
2022/3/23,2836,Lineage B
2022/3/24,2634,Lineage B
2022/3/25,2287,Lineage B
2022/3/26,3122,Lineage B
2022/3/27,2527,Lineage B
2022/3/28,4213,Lineage B
2022/3/29,3185,Lineage B
2022/3/30,3619,Lineage B
2022/3/31,3222,Lineage B
2022/4/1,2996,Lineage B
2022/4/2,2448,Lineage B
2022/4/3,2302,Lineage B
2022/4/4,4609,Lineage B
2022/4/5,3975,Lineage B
2022/4/6,3420,Lineage B
2022/4/7,3621,Lineage B
2022/4/8,3124,Lineage B
2022/4/9,2315,Lineage B
2022/4/10,1948,Lineage B
2022/4/11,4535,Lineage B
2022/4/12,3429,Lineage B
2022/4/13,3114,Lineage B
2022/4/14,2461,Lineage B
2022/4/15,2213,Lineage B
2022/4/16,2039,Lineage B
2022/4/17,1872,Lineage B
2022/4/18,2802,Lineage B
2022/4/19,4090,Lineage B
2022/4/20,3086,Lineage B
2022/4/21,2570,Lineage B
2022/4/22,2681,Lineage B
2022/4/23,1874,Lineage B
2022/4/24,1784,Lineage B
2022/4/25,3268,Lineage B
2022/4/26,2919,Lineage B
2022/4/27,2811,Lineage B
2022/4/28,2516,Lineage B
2022/4/29,2183,Lineage B
2022/4/30,1704,Lineage B
2022/5/1,1606,Lineage B
2022/5/2,2723,Lineage B
2022/5/3,3025,Lineage B
2022/5/4,2591,Lineage B
2022/5/5,2632,Lineage B
2022/5/6,2176,Lineage B
2022/5/7,1532,Lineage B
2022/5/8,1536,Lineage B
2022/5/9,3284,Lineage B
2022/5/10,2743,Lineage B
2022/5/11,2597,Lineage B
2022/5/12,2791,Lineage B
2022/5/13,2201,Lineage B
2022/5/14,1712,Lineage B
2022/5/15,1442,Lineage B
2022/5/16,2773,Lineage B
2022/5/17,2535,Lineage B
2022/5/18,2517,Lineage B
2022/5/19,2348,Lineage B
2022/5/20,1968,Lineage B
2022/5/21,1376,Lineage B
2022/5/22,1437,Lineage B
2022/5/23,2516,Lineage B
2022/5/24,2272,Lineage B
2022/5/25,2034,Lineage B
2022/5/26,1515,Lineage B
2022/5/27,1956,Lineage B
2022/5/28,1109,Lineage B
2022/5/29,1003,Lineage B
2022/5/30,1891,Lineage B
2022/5/31,2048,Lineage B
2022/6/1,1824,Lineage B
2022/6/2,1740,Lineage B
2022/6/3,1485,Lineage B
2022/6/4,1040,Lineage B
2022/6/5,910,Lineage B
2022/6/6,1589,Lineage B
2022/6/7,2236,Lineage B
2022/6/8,1735,Lineage B
2022/6/9,1652,Lineage B
2022/6/10,1419,Lineage B
2022/6/11,1016,Lineage B
2022/6/12,946,Lineage B
2022/6/13,2161,Lineage B
2022/6/14,1719,Lineage B
2022/6/15,1697,Lineage B
2022/6/16,1294,Lineage B
2022/6/17,1333,Lineage B
2022/6/18,975,Lineage B
2022/6/19,801,Lineage B
2022/6/20,1806,Lineage B
2022/6/21,1641,Lineage B
2022/6/22,1438,Lineage B
2022/6/23,1215,Lineage B
2022/6/24,884,Lineage B
2022/6/25,624,Lineage B
2022/6/26,580,Lineage B
2022/6/27,1264,Lineage B
2022/6/28,1002,Lineage B
2022/6/29,901,Lineage B
2022/6/30,926,Lineage B
2022/7/1,812,Lineage B
2022/7/2,641,Lineage B
2022/7/3,567,Lineage B
2022/7/4,837,Lineage B
2022/7/5,877,Lineage B
2022/7/6,766,Lineage B
2022/7/7,763,Lineage B
2022/7/8,701,Lineage B
2022/7/9,480,Lineage B
2022/7/10,481,Lineage B
2022/7/11,853,Lineage B
2022/7/12,815,Lineage B
2022/7/13,696,Lineage B
2022/7/14,644,Lineage B
2022/7/15,548,Lineage B
2022/7/16,416,Lineage B
2022/7/17,448,Lineage B
2022/7/18,748,Lineage B
2022/7/19,718,Lineage B
2022/7/20,614,Lineage B
2022/7/21,540,Lineage B
2022/7/22,508,Lineage B
2022/7/23,361,Lineage B
2022/7/24,268,Lineage B
2022/7/25,540,Lineage B
2022/7/26,477,Lineage B
2022/7/27,429,Lineage B
2022/7/28,427,Lineage B
2022/7/29,368,Lineage B
2022/7/30,243,Lineage B
2022/7/31,207,Lineage B
2022/8/1,591,Lineage B
2022/8/2,435,Lineage B
2022/8/3,335,Lineage B
2022/8/4,323,Lineage B
2022/8/5,293,Lineage B
2022/8/6,229,Lineage B
2022/8/7,164,Lineage B
2022/8/8,509,Lineage B
2022/8/9,407,Lineage B
2022/8/10,367,Lineage B
2022/8/11,419,Lineage B
2022/8/12,438,Lineage B
2022/8/13,242,Lineage B
2022/8/14,237,Lineage B
2022/8/15,332,Lineage B
2022/8/16,628,Lineage B
2022/8/17,396,Lineage B
2022/8/18,397,Lineage B
2022/8/19,309,Lineage B
2022/8/20,265,Lineage B
2022/8/21,157,Lineage B
2022/8/22,534,Lineage B
2022/8/23,606,Lineage B
2022/8/24,456,Lineage B
2022/8/25,359,Lineage B
2022/8/26,352,Lineage B
2022/8/27,198,Lineage B
2022/8/28,192,Lineage B
2022/8/29,502,Lineage B
2022/8/30,264,Lineage B
2022/8/31,291,Lineage B
2022/9/1,414,Lineage B
2022/9/2,618,Lineage B
2022/9/3,197,Lineage B
2022/9/4,383,Lineage B
2022/9/5,536,Lineage B
2022/9/6,498,Lineage B
2022/9/7,391,Lineage B
2022/9/8,235,Lineage B
2022/9/9,234,Lineage B
2022/9/10,173,Lineage B
2022/9/11,173,Lineage B
2022/9/12,363,Lineage B
2022/9/13,289,Lineage B
2022/9/14,208,Lineage B
2022/9/15,205,Lineage B
2022/9/16,158,Lineage B
2022/9/17,143,Lineage B
2022/9/18,176,Lineage B
2022/9/19,239,Lineage B
2022/9/20,223,Lineage B
2022/9/21,271,Lineage B
2022/9/22,367,Lineage B
2022/9/23,92,Lineage B
2022/9/24,166,Lineage B
2022/9/25,95,Lineage B
2022/9/26,81,Lineage B
2022/9/27,73,Lineage B
2022/9/28,30,Lineage B
2022/9/29,7,Lineage B
2022/9/30,76,Lineage B
2022/10/1,81,Lineage B
2022/10/2,12,Lineage B
2022/10/3,1,Lineage B
2019/12/24,0,8782T
2019/12/25,0,8782T
2019/12/26,0,8782T
2019/12/27,0,8782T
2019/12/28,0,8782T
2019/12/29,0,8782T
2019/12/30,0,8782T
2019/12/31,0,8782T
2020/1/1,0,8782T
2020/1/2,0,8782T
2020/1/3,0,8782T
2020/1/4,0,8782T
2020/1/5,0,8782T
2020/1/6,0,8782T
2020/1/7,0,8782T
2020/1/8,0,8782T
2020/1/9,0,8782T
2020/1/10,0,8782T
2020/1/11,0,8782T
2020/1/12,0,8782T
2020/1/13,0,8782T
2020/1/14,0,8782T
2020/1/15,0,8782T
2020/1/16,0,8782T
2020/1/17,0,8782T
2020/1/18,0,8782T
2020/1/19,0,8782T
2020/1/20,0,8782T
2020/1/21,0,8782T
2020/1/22,0,8782T
2020/1/23,0,8782T
2020/1/24,0,8782T
2020/1/25,0,8782T
2020/1/26,3,8782T
2020/1/27,1,8782T
2020/1/28,0,8782T
2020/1/29,0,8782T
2020/1/30,0,8782T
2020/1/31,1,8782T
2020/2/1,0,8782T
2020/2/2,0,8782T
2020/2/3,0,8782T
2020/2/4,0,8782T
2020/2/5,0,8782T
2020/2/6,1,8782T
2020/2/7,0,8782T
2020/2/8,0,8782T
2020/2/9,0,8782T
2020/2/10,0,8782T
2020/2/11,0,8782T
2020/2/12,0,8782T
2020/2/13,2,8782T
2020/2/14,2,8782T
2020/2/15,1,8782T
2020/2/16,2,8782T
2020/2/17,2,8782T
2020/2/18,1,8782T
2020/2/19,1,8782T
2020/2/20,0,8782T
2020/2/21,0,8782T
2020/2/22,1,8782T
2020/2/23,0,8782T
2020/2/24,0,8782T
2020/2/25,1,8782T
2020/2/26,1,8782T
2020/2/27,1,8782T
2020/2/28,1,8782T
2020/2/29,0,8782T
2020/3/1,1,8782T
2020/3/2,4,8782T
2020/3/3,3,8782T
2020/3/4,1,8782T
2020/3/5,3,8782T
2020/3/6,0,8782T
2020/3/7,0,8782T
2020/3/8,0,8782T
2020/3/9,1,8782T
2020/3/10,0,8782T
2020/3/11,0,8782T
2020/3/12,2,8782T
2020/3/13,2,8782T
2020/3/14,0,8782T
2020/3/15,0,8782T
2020/3/16,0,8782T
2020/3/17,3,8782T
2020/3/18,1,8782T
2020/3/19,2,8782T
2020/3/20,0,8782T
2020/3/21,1,8782T
2020/3/22,0,8782T
2020/3/23,0,8782T
2020/3/24,0,8782T
2020/3/25,0,8782T
2020/3/26,0,8782T
2020/3/27,0,8782T
2020/3/28,0,8782T
2020/3/29,1,8782T
2020/3/30,0,8782T
2020/3/31,1,8782T
2020/4/1,4,8782T
2020/4/2,2,8782T
2020/4/3,1,8782T
2020/4/4,1,8782T
2020/4/5,1,8782T
2020/4/6,4,8782T
2020/4/7,1,8782T
2020/4/8,0,8782T
2020/4/9,1,8782T
2020/4/10,1,8782T
2020/4/11,1,8782T
2020/4/12,0,8782T
2020/4/13,0,8782T
2020/4/14,1,8782T
2020/4/15,1,8782T
2020/4/16,1,8782T
2020/4/17,0,8782T
2020/4/18,3,8782T
2020/4/19,0,8782T
2020/4/20,1,8782T
2020/4/21,5,8782T
2020/4/22,1,8782T
2020/4/23,5,8782T
2020/4/24,4,8782T
2020/4/25,0,8782T
2020/4/26,0,8782T
2020/4/27,0,8782T
2020/4/28,2,8782T
2020/4/29,1,8782T
2020/4/30,2,8782T
2020/5/1,0,8782T
2020/5/2,1,8782T
2020/5/3,2,8782T
2020/5/4,2,8782T
2020/5/5,1,8782T
2020/5/6,2,8782T
2020/5/7,0,8782T
2020/5/8,1,8782T
2020/5/9,0,8782T
2020/5/10,0,8782T
2020/5/11,0,8782T
2020/5/12,1,8782T
2020/5/13,0,8782T
2020/5/14,0,8782T
2020/5/15,1,8782T
2020/5/16,0,8782T
2020/5/17,0,8782T
2020/5/18,0,8782T
2020/5/19,1,8782T
2020/5/20,0,8782T
2020/5/21,0,8782T
2020/5/22,0,8782T
2020/5/23,0,8782T
2020/5/24,0,8782T
2020/5/25,0,8782T
2020/5/26,2,8782T
2020/5/27,0,8782T
2020/5/28,0,8782T
2020/5/29,0,8782T
2020/5/30,0,8782T
2020/5/31,0,8782T
2020/6/1,0,8782T
2020/6/2,0,8782T
2020/6/3,0,8782T
2020/6/4,0,8782T
2020/6/5,2,8782T
2020/6/6,0,8782T
2020/6/7,0,8782T
2020/6/8,1,8782T
2020/6/9,0,8782T
2020/6/10,2,8782T
2020/6/11,4,8782T
2020/6/12,0,8782T
2020/6/13,1,8782T
2020/6/14,0,8782T
2020/6/15,4,8782T
2020/6/16,0,8782T
2020/6/17,1,8782T
2020/6/18,0,8782T
2020/6/19,0,8782T
2020/6/20,0,8782T
2020/6/21,0,8782T
2020/6/22,0,8782T
2020/6/23,0,8782T
2020/6/24,0,8782T
2020/6/25,0,8782T
2020/6/26,1,8782T
2020/6/27,0,8782T
2020/6/28,0,8782T
2020/6/29,0,8782T
2020/6/30,0,8782T
2020/7/1,1,8782T
2020/7/2,0,8782T
2020/7/3,0,8782T
2020/7/4,0,8782T
2020/7/5,0,8782T
2020/7/6,0,8782T
2020/7/7,0,8782T
2020/7/8,0,8782T
2020/7/9,1,8782T
2020/7/10,0,8782T
2020/7/11,0,8782T
2020/7/12,0,8782T
2020/7/13,0,8782T
2020/7/14,0,8782T
2020/7/15,1,8782T
2020/7/16,0,8782T
2020/7/17,1,8782T
2020/7/18,0,8782T
2020/7/19,0,8782T
2020/7/20,0,8782T
2020/7/21,1,8782T
2020/7/22,0,8782T
2020/7/23,1,8782T
2020/7/24,0,8782T
2020/7/25,0,8782T
2020/7/26,0,8782T
2020/7/27,0,8782T
2020/7/28,0,8782T
2020/7/29,0,8782T
2020/7/30,0,8782T
2020/7/31,0,8782T
2020/8/1,0,8782T
2020/8/2,0,8782T
2020/8/3,0,8782T
2020/8/4,1,8782T
2020/8/5,0,8782T
2020/8/6,3,8782T
2020/8/7,0,8782T
2020/8/8,0,8782T
2020/8/9,0,8782T
2020/8/10,1,8782T
2020/8/11,0,8782T
2020/8/12,0,8782T
2020/8/13,0,8782T
2020/8/14,0,8782T
2020/8/15,0,8782T
2020/8/16,0,8782T
2020/8/17,0,8782T
2020/8/18,0,8782T
2020/8/19,0,8782T
2020/8/20,1,8782T
2020/8/21,0,8782T
2020/8/22,1,8782T
2020/8/23,0,8782T
2020/8/24,0,8782T
2020/8/25,0,8782T
2020/8/26,0,8782T
2020/8/27,0,8782T
2020/8/28,1,8782T
2020/8/29,0,8782T
2020/8/30,0,8782T
2020/8/31,0,8782T
2020/9/1,1,8782T
2020/9/2,0,8782T
2020/9/3,0,8782T
2020/9/4,0,8782T
2020/9/5,0,8782T
2020/9/6,0,8782T
2020/9/7,0,8782T
2020/9/8,0,8782T
2020/9/9,0,8782T
2020/9/10,1,8782T
2020/9/11,0,8782T
2020/9/12,0,8782T
2020/9/13,1,8782T
2020/9/14,1,8782T
2020/9/15,0,8782T
2020/9/16,0,8782T
2020/9/17,1,8782T
2020/9/18,0,8782T
2020/9/19,2,8782T
2020/9/20,0,8782T
2020/9/21,0,8782T
2020/9/22,0,8782T
2020/9/23,1,8782T
2020/9/24,1,8782T
2020/9/25,1,8782T
2020/9/26,0,8782T
2020/9/27,0,8782T
2020/9/28,4,8782T
2020/9/29,3,8782T
2020/9/30,0,8782T
2020/10/1,4,8782T
2020/10/2,1,8782T
2020/10/3,0,8782T
2020/10/4,0,8782T
2020/10/5,2,8782T
2020/10/6,0,8782T
2020/10/7,2,8782T
2020/10/8,5,8782T
2020/10/9,1,8782T
2020/10/10,1,8782T
2020/10/11,0,8782T
2020/10/12,0,8782T
2020/10/13,1,8782T
2020/10/14,0,8782T
2020/10/15,0,8782T
2020/10/16,2,8782T
2020/10/17,3,8782T
2020/10/18,0,8782T
2020/10/19,0,8782T
2020/10/20,1,8782T
2020/10/21,2,8782T
2020/10/22,2,8782T
2020/10/23,1,8782T
2020/10/24,0,8782T
2020/10/25,0,8782T
2020/10/26,0,8782T
2020/10/27,0,8782T
2020/10/28,12,8782T
2020/10/29,2,8782T
2020/10/30,1,8782T
2020/10/31,1,8782T
2020/11/1,3,8782T
2020/11/2,9,8782T
2020/11/3,1,8782T
2020/11/4,4,8782T
2020/11/5,3,8782T
2020/11/6,1,8782T
2020/11/7,1,8782T
2020/11/8,0,8782T
2020/11/9,2,8782T
2020/11/10,1,8782T
2020/11/11,1,8782T
2020/11/12,1,8782T
2020/11/13,1,8782T
2020/11/14,5,8782T
2020/11/15,0,8782T
2020/11/16,1,8782T
2020/11/17,4,8782T
2020/11/18,0,8782T
2020/11/19,2,8782T
2020/11/20,1,8782T
2020/11/21,2,8782T
2020/11/22,0,8782T
2020/11/23,9,8782T
2020/11/24,1,8782T
2020/11/25,2,8782T
2020/11/26,2,8782T
2020/11/27,2,8782T
2020/11/28,1,8782T
2020/11/29,0,8782T
2020/11/30,0,8782T
2020/12/1,2,8782T
2020/12/2,5,8782T
2020/12/3,2,8782T
2020/12/4,0,8782T
2020/12/5,1,8782T
2020/12/6,0,8782T
2020/12/7,0,8782T
2020/12/8,0,8782T
2020/12/9,1,8782T
2020/12/10,11,8782T
2020/12/11,12,8782T
2020/12/12,0,8782T
2020/12/13,2,8782T
2020/12/14,5,8782T
2020/12/15,7,8782T
2020/12/16,4,8782T
2020/12/17,5,8782T
2020/12/18,3,8782T
2020/12/19,1,8782T
2020/12/20,3,8782T
2020/12/21,3,8782T
2020/12/22,6,8782T
2020/12/23,5,8782T
2020/12/24,5,8782T
2020/12/25,0,8782T
2020/12/26,7,8782T
2020/12/27,2,8782T
2020/12/28,5,8782T
2020/12/29,25,8782T
2020/12/30,11,8782T
2020/12/31,2,8782T
2021/1/1,3,8782T
2021/1/2,2,8782T
2021/1/3,7,8782T
2021/1/4,7,8782T
2021/1/5,3,8782T
2021/1/6,7,8782T
2021/1/7,7,8782T
2021/1/8,2,8782T
2021/1/9,5,8782T
2021/1/10,6,8782T
2021/1/11,2,8782T
2021/1/12,7,8782T
2021/1/13,6,8782T
2021/1/14,6,8782T
2021/1/15,7,8782T
2021/1/16,4,8782T
2021/1/17,4,8782T
2021/1/18,3,8782T
2021/1/19,6,8782T
2021/1/20,9,8782T
2021/1/21,18,8782T
2021/1/22,7,8782T
2021/1/23,2,8782T
2021/1/24,2,8782T
2021/1/25,13,8782T
2021/1/26,6,8782T
2021/1/27,3,8782T
2021/1/28,8,8782T
2021/1/29,4,8782T
2021/1/30,5,8782T
2021/1/31,3,8782T
2021/2/1,14,8782T
2021/2/2,5,8782T
2021/2/3,7,8782T
2021/2/4,8,8782T
2021/2/5,8,8782T
2021/2/6,2,8782T
2021/2/7,2,8782T
2021/2/8,9,8782T
2021/2/9,8,8782T
2021/2/10,6,8782T
2021/2/11,7,8782T
2021/2/12,4,8782T
2021/2/13,4,8782T
2021/2/14,3,8782T
2021/2/15,11,8782T
2021/2/16,2,8782T
2021/2/17,7,8782T
2021/2/18,6,8782T
2021/2/19,8,8782T
2021/2/20,0,8782T
2021/2/21,2,8782T
2021/2/22,2,8782T
2021/2/23,7,8782T
2021/2/24,1,8782T
2021/2/25,2,8782T
2021/2/26,5,8782T
2021/2/27,3,8782T
2021/2/28,3,8782T
2021/3/1,7,8782T
2021/3/2,6,8782T
2021/3/3,5,8782T
2021/3/4,7,8782T
2021/3/5,4,8782T
2021/3/6,4,8782T
2021/3/7,1,8782T
2021/3/8,4,8782T
2021/3/9,10,8782T
2021/3/10,7,8782T
2021/3/11,3,8782T
2021/3/12,2,8782T
2021/3/13,2,8782T
2021/3/14,0,8782T
2021/3/15,2,8782T
2021/3/16,9,8782T
2021/3/17,2,8782T
2021/3/18,7,8782T
2021/3/19,3,8782T
2021/3/20,1,8782T
2021/3/21,1,8782T
2021/3/22,6,8782T
2021/3/23,2,8782T
2021/3/24,10,8782T
2021/3/25,4,8782T
2021/3/26,4,8782T
2021/3/27,3,8782T
2021/3/28,3,8782T
2021/3/29,4,8782T
2021/3/30,6,8782T
2021/3/31,7,8782T
2021/4/1,2,8782T
2021/4/2,6,8782T
2021/4/3,0,8782T
2021/4/4,1,8782T
2021/4/5,6,8782T
2021/4/6,3,8782T
2021/4/7,4,8782T
2021/4/8,6,8782T
2021/4/9,7,8782T
2021/4/10,2,8782T
2021/4/11,5,8782T
2021/4/12,2,8782T
2021/4/13,4,8782T
2021/4/14,4,8782T
2021/4/15,1,8782T
2021/4/16,3,8782T
2021/4/17,1,8782T
2021/4/18,0,8782T
2021/4/19,5,8782T
2021/4/20,9,8782T
2021/4/21,3,8782T
2021/4/22,7,8782T
2021/4/23,7,8782T
2021/4/24,4,8782T
2021/4/25,3,8782T
2021/4/26,10,8782T
2021/4/27,6,8782T
2021/4/28,5,8782T
2021/4/29,3,8782T
2021/4/30,3,8782T
2021/5/1,2,8782T
2021/5/2,3,8782T
2021/5/3,9,8782T
2021/5/4,9,8782T
2021/5/5,4,8782T
2021/5/6,15,8782T
2021/5/7,10,8782T
2021/5/8,5,8782T
2021/5/9,5,8782T
2021/5/10,4,8782T
2021/5/11,11,8782T
2021/5/12,7,8782T
2021/5/13,5,8782T
2021/5/14,2,8782T
2021/5/15,4,8782T
2021/5/16,5,8782T
2021/5/17,10,8782T
2021/5/18,12,8782T
2021/5/19,11,8782T
2021/5/20,11,8782T
2021/5/21,11,8782T
2021/5/22,2,8782T
2021/5/23,5,8782T
2021/5/24,12,8782T
2021/5/25,11,8782T
2021/5/26,6,8782T
2021/5/27,7,8782T
2021/5/28,3,8782T
2021/5/29,3,8782T
2021/5/30,3,8782T
2021/5/31,4,8782T
2021/6/1,14,8782T
2021/6/2,10,8782T
2021/6/3,6,8782T
2021/6/4,2,8782T
2021/6/5,2,8782T
2021/6/6,3,8782T
2021/6/7,16,8782T
2021/6/8,11,8782T
2021/6/9,4,8782T
2021/6/10,4,8782T
2021/6/11,5,8782T
2021/6/12,4,8782T
2021/6/13,2,8782T
2021/6/14,6,8782T
2021/6/15,1,8782T
2021/6/16,4,8782T
2021/6/17,3,8782T
2021/6/18,7,8782T
2021/6/19,2,8782T
2021/6/20,0,8782T
2021/6/21,7,8782T
2021/6/22,10,8782T
2021/6/23,3,8782T
2021/6/24,6,8782T
2021/6/25,5,8782T
2021/6/26,0,8782T
2021/6/27,3,8782T
2021/6/28,11,8782T
2021/6/29,1,8782T
2021/6/30,8,8782T
2021/7/1,3,8782T
2021/7/2,1,8782T
2021/7/3,5,8782T
2021/7/4,3,8782T
2021/7/5,7,8782T
2021/7/6,5,8782T
2021/7/7,0,8782T
2021/7/8,2,8782T
2021/7/9,2,8782T
2021/7/10,2,8782T
2021/7/11,2,8782T
2021/7/12,8,8782T
2021/7/13,1,8782T
2021/7/14,6,8782T
2021/7/15,4,8782T
2021/7/16,4,8782T
2021/7/17,5,8782T
2021/7/18,2,8782T
2021/7/19,10,8782T
2021/7/20,8,8782T
2021/7/21,3,8782T
2021/7/22,4,8782T
2021/7/23,4,8782T
2021/7/24,4,8782T
2021/7/25,8,8782T
2021/7/26,3,8782T
2021/7/27,4,8782T
2021/7/28,2,8782T
2021/7/29,4,8782T
2021/7/30,6,8782T
2021/7/31,5,8782T
2021/8/1,4,8782T
2021/8/2,2,8782T
2021/8/3,3,8782T
2021/8/4,5,8782T
2021/8/5,4,8782T
2021/8/6,6,8782T
2021/8/7,7,8782T
2021/8/8,4,8782T
2021/8/9,5,8782T
2021/8/10,4,8782T
2021/8/11,5,8782T
2021/8/12,3,8782T
2021/8/13,4,8782T
2021/8/14,3,8782T
2021/8/15,1,8782T
2021/8/16,3,8782T
2021/8/17,10,8782T
2021/8/18,10,8782T
2021/8/19,9,8782T
2021/8/20,2,8782T
2021/8/21,5,8782T
2021/8/22,10,8782T
2021/8/23,13,8782T
2021/8/24,13,8782T
2021/8/25,12,8782T
2021/8/26,6,8782T
2021/8/27,12,8782T
2021/8/28,8,8782T
2021/8/29,5,8782T
2021/8/30,12,8782T
2021/8/31,21,8782T
2021/9/1,9,8782T
2021/9/2,13,8782T
2021/9/3,15,8782T
2021/9/4,9,8782T
2021/9/5,6,8782T
2021/9/6,21,8782T
2021/9/7,14,8782T
2021/9/8,15,8782T
2021/9/9,19,8782T
2021/9/10,15,8782T
2021/9/11,9,8782T
2021/9/12,14,8782T
2021/9/13,19,8782T
2021/9/14,16,8782T
2021/9/15,11,8782T
2021/9/16,15,8782T
2021/9/17,21,8782T
2021/9/18,12,8782T
2021/9/19,15,8782T
2021/9/20,15,8782T
2021/9/21,25,8782T
2021/9/22,9,8782T
2021/9/23,14,8782T
2021/9/24,24,8782T
2021/9/25,11,8782T
2021/9/26,15,8782T
2021/9/27,19,8782T
2021/9/28,25,8782T
2021/9/29,30,8782T
2021/9/30,27,8782T
2021/10/1,15,8782T
2021/10/2,7,8782T
2021/10/3,18,8782T
2021/10/4,19,8782T
2021/10/5,20,8782T
2021/10/6,15,8782T
2021/10/7,23,8782T
2021/10/8,16,8782T
2021/10/9,13,8782T
2021/10/10,14,8782T
2021/10/11,15,8782T
2021/10/12,25,8782T
2021/10/13,23,8782T
2021/10/14,19,8782T
2021/10/15,12,8782T
2021/10/16,16,8782T
2021/10/17,13,8782T
2021/10/18,26,8782T
2021/10/19,25,8782T
2021/10/20,24,8782T
2021/10/21,25,8782T
2021/10/22,13,8782T
2021/10/23,20,8782T
2021/10/24,15,8782T
2021/10/25,15,8782T
2021/10/26,27,8782T
2021/10/27,14,8782T
2021/10/28,20,8782T
2021/10/29,19,8782T
2021/10/30,22,8782T
2021/10/31,28,8782T
2021/11/1,41,8782T
2021/11/2,20,8782T
2021/11/3,26,8782T
2021/11/4,38,8782T
2021/11/5,16,8782T
2021/11/6,7,8782T
2021/11/7,21,8782T
2021/11/8,20,8782T
2021/11/9,34,8782T
2021/11/10,36,8782T
2021/11/11,29,8782T
2021/11/12,24,8782T
2021/11/13,31,8782T
2021/11/14,15,8782T
2021/11/15,29,8782T
2021/11/16,31,8782T
2021/11/17,46,8782T
2021/11/18,31,8782T
2021/11/19,26,8782T
2021/11/20,25,8782T
2021/11/21,26,8782T
2021/11/22,45,8782T
2021/11/23,31,8782T
2021/11/24,30,8782T
2021/11/25,45,8782T
2021/11/26,35,8782T
2021/11/27,20,8782T
2021/11/28,21,8782T
2021/11/29,87,8782T
2021/11/30,35,8782T
2021/12/1,42,8782T
2021/12/2,16,8782T
2021/12/3,42,8782T
2021/12/4,16,8782T
2021/12/5,13,8782T
2021/12/6,74,8782T
2021/12/7,40,8782T
2021/12/8,27,8782T
2021/12/9,23,8782T
2021/12/10,23,8782T
2021/12/11,13,8782T
2021/12/12,9,8782T
2021/12/13,44,8782T
2021/12/14,20,8782T
2021/12/15,19,8782T
2021/12/16,8,8782T
2021/12/17,17,8782T
2021/12/18,13,8782T
2021/12/19,12,8782T
2021/12/20,20,8782T
2021/12/21,20,8782T
2021/12/22,6,8782T
2021/12/23,17,8782T
2021/12/24,18,8782T
2021/12/25,4,8782T
2021/12/26,6,8782T
2021/12/27,45,8782T
2021/12/28,6,8782T
2021/12/29,2,8782T
2021/12/30,6,8782T
2021/12/31,1,8782T
2022/1/1,0,8782T
2022/1/2,0,8782T
2022/1/3,44,8782T
2022/1/4,2,8782T
2022/1/5,1,8782T
2022/1/6,8,8782T
2022/1/7,1,8782T
2022/1/8,1,8782T
2022/1/9,0,8782T
2022/1/10,14,8782T
2022/1/11,2,8782T
2022/1/12,0,8782T
2022/1/13,0,8782T
2022/1/14,4,8782T
2022/1/15,0,8782T
2022/1/16,3,8782T
2022/1/17,2,8782T
2022/1/18,0,8782T
2022/1/19,0,8782T
2022/1/20,2,8782T
2022/1/21,1,8782T
2022/1/22,1,8782T
2022/1/23,0,8782T
2022/1/24,0,8782T
2022/1/25,3,8782T
2022/1/26,0,8782T
2022/1/27,1,8782T
2022/1/28,0,8782T
2022/1/29,0,8782T
2022/1/30,2,8782T
2022/1/31,4,8782T
2022/2/1,1,8782T
2022/2/2,0,8782T
2022/2/3,0,8782T
2022/2/4,0,8782T
2022/2/5,1,8782T
2022/2/6,0,8782T
2022/2/7,0,8782T
2022/2/8,1,8782T
2022/2/9,0,8782T
2022/2/10,0,8782T
2022/2/11,1,8782T
2022/2/12,1,8782T
2022/2/13,1,8782T
2022/2/14,1,8782T
2022/2/15,3,8782T
2022/2/16,1,8782T
2022/2/17,0,8782T
2022/2/18,1,8782T
2022/2/19,1,8782T
2022/2/20,1,8782T
2022/2/21,2,8782T
2022/2/22,1,8782T
2022/2/23,1,8782T
2022/2/24,1,8782T
2022/2/25,1,8782T
2022/2/26,1,8782T
2022/2/27,2,8782T
2022/2/28,0,8782T
2022/3/1,3,8782T
2022/3/2,1,8782T
2022/3/3,2,8782T
2022/3/4,1,8782T
2022/3/5,0,8782T
2022/3/6,3,8782T
2022/3/7,1,8782T
2022/3/8,2,8782T
2022/3/9,2,8782T
2022/3/10,3,8782T
2022/3/11,5,8782T
2022/3/12,0,8782T
2022/3/13,1,8782T
2022/3/14,1,8782T
2022/3/15,1,8782T
2022/3/16,2,8782T
2022/3/17,5,8782T
2022/3/18,1,8782T
2022/3/19,0,8782T
2022/3/20,1,8782T
2022/3/21,2,8782T
2022/3/22,3,8782T
2022/3/23,5,8782T
2022/3/24,1,8782T
2022/3/25,0,8782T
2022/3/26,3,8782T
2022/3/27,2,8782T
2022/3/28,1,8782T
2022/3/29,1,8782T
2022/3/30,6,8782T
2022/3/31,3,8782T
2022/4/1,2,8782T
2022/4/2,0,8782T
2022/4/3,3,8782T
2022/4/4,1,8782T
2022/4/5,5,8782T
2022/4/6,4,8782T
2022/4/7,5,8782T
2022/4/8,2,8782T
2022/4/9,3,8782T
2022/4/10,0,8782T
2022/4/11,2,8782T
2022/4/12,1,8782T
2022/4/13,1,8782T
2022/4/14,1,8782T
2022/4/15,0,8782T
2022/4/16,0,8782T
2022/4/17,0,8782T
2022/4/18,1,8782T
2022/4/19,0,8782T
2022/4/20,1,8782T
2022/4/21,1,8782T
2022/4/22,0,8782T
2022/4/23,0,8782T
2022/4/24,0,8782T
2022/4/25,4,8782T
2022/4/26,4,8782T
2022/4/27,2,8782T
2022/4/28,5,8782T
2022/4/29,1,8782T
2022/4/30,0,8782T
2022/5/1,0,8782T
2022/5/2,1,8782T
2022/5/3,2,8782T
2022/5/4,1,8782T
2022/5/5,1,8782T
2022/5/6,0,8782T
2022/5/7,0,8782T
2022/5/8,2,8782T
2022/5/9,1,8782T
2022/5/10,2,8782T
2022/5/11,0,8782T
2022/5/12,3,8782T
2022/5/13,0,8782T
2022/5/14,1,8782T
2022/5/15,1,8782T
2022/5/16,0,8782T
2022/5/17,0,8782T
2022/5/18,2,8782T
2022/5/19,1,8782T
2022/5/20,0,8782T
2022/5/21,2,8782T
2022/5/22,0,8782T
2022/5/23,1,8782T
2022/5/24,1,8782T
2022/5/25,0,8782T
2022/5/26,0,8782T
2022/5/27,0,8782T
2022/5/28,0,8782T
2022/5/29,0,8782T
2022/5/30,1,8782T
2022/5/31,0,8782T
2022/6/1,1,8782T
2022/6/2,0,8782T
2022/6/3,1,8782T
2022/6/4,0,8782T
2022/6/5,0,8782T
2022/6/6,0,8782T
2022/6/7,1,8782T
2022/6/8,0,8782T
2022/6/9,0,8782T
2022/6/10,1,8782T
2022/6/11,0,8782T
2022/6/12,0,8782T
2022/6/13,0,8782T
2022/6/14,0,8782T
2022/6/15,0,8782T
2022/6/16,0,8782T
2022/6/17,0,8782T
2022/6/18,0,8782T
2022/6/19,1,8782T
2022/6/20,0,8782T
2022/6/21,0,8782T
2022/6/22,0,8782T
2022/6/23,0,8782T
2022/6/24,0,8782T
2022/6/25,0,8782T
2022/6/26,0,8782T
2022/6/27,0,8782T
2022/6/28,1,8782T
2022/6/29,0,8782T
2022/6/30,0,8782T
2022/7/1,1,8782T
2022/7/2,0,8782T
2022/7/3,0,8782T
2022/7/4,0,8782T
2022/7/5,0,8782T
2022/7/6,1,8782T
2022/7/7,0,8782T
2022/7/8,1,8782T
2022/7/9,0,8782T
2022/7/10,0,8782T
2022/7/11,0,8782T
2022/7/12,0,8782T
2022/7/13,2,8782T
2022/7/14,0,8782T
2022/7/15,0,8782T
2022/7/16,0,8782T
2022/7/17,0,8782T
2022/7/18,0,8782T
2022/7/19,0,8782T
2022/7/20,0,8782T
2022/7/21,0,8782T
2022/7/22,0,8782T
2022/7/23,0,8782T
2022/7/24,0,8782T
2022/7/25,1,8782T
2022/7/26,0,8782T
2022/7/27,0,8782T
2022/7/28,1,8782T
2022/7/29,0,8782T
2022/7/30,0,8782T
2022/7/31,0,8782T
2022/8/1,1,8782T
2022/8/2,0,8782T
2022/8/3,0,8782T
2022/8/4,0,8782T
2022/8/5,0,8782T
2022/8/6,0,8782T
2022/8/7,0,8782T
2022/8/8,0,8782T
2022/8/9,1,8782T
2022/8/10,0,8782T
2022/8/11,1,8782T
2022/8/12,0,8782T
2022/8/13,0,8782T
2022/8/14,0,8782T
2022/8/15,0,8782T
2022/8/16,0,8782T
2022/8/17,0,8782T
2022/8/18,0,8782T
2022/8/19,0,8782T
2022/8/20,1,8782T
2022/8/21,0,8782T
2022/8/22,1,8782T
2022/8/23,0,8782T
2022/8/24,0,8782T
2022/8/25,0,8782T
2022/8/26,0,8782T
2022/8/27,0,8782T
2022/8/28,0,8782T
2022/8/29,0,8782T
2022/8/30,1,8782T
2022/8/31,0,8782T
2022/9/1,1,8782T
2022/9/2,1,8782T
2022/9/3,0,8782T
2022/9/4,1,8782T
2022/9/5,0,8782T
2022/9/6,2,8782T
2022/9/7,0,8782T
2022/9/8,0,8782T
2022/9/9,0,8782T
2022/9/10,1,8782T
2022/9/11,0,8782T
2022/9/12,0,8782T
2022/9/13,0,8782T
2022/9/14,0,8782T
2022/9/15,0,8782T
2022/9/16,0,8782T
2022/9/17,0,8782T
2022/9/18,0,8782T
2022/9/19,0,8782T
2022/9/20,0,8782T
2022/9/21,0,8782T
2022/9/22,0,8782T
2022/9/23,0,8782T
2022/9/24,2,8782T
2022/9/25,0,8782T
2022/9/26,0,8782T
2022/9/27,0,8782T
2022/9/28,0,8782T
2022/9/29,0,8782T
2022/9/30,0,8782T
2022/10/1,0,8782T
2022/10/2,0,8782T
2022/10/3,0,8782T
2019/12/24,0,28144C
2019/12/25,0,28144C
2019/12/26,0,28144C
2019/12/27,0,28144C
2019/12/28,0,28144C
2019/12/29,0,28144C
2019/12/30,0,28144C
2019/12/31,0,28144C
2020/1/1,0,28144C
2020/1/2,0,28144C
2020/1/3,0,28144C
2020/1/4,0,28144C
2020/1/5,0,28144C
2020/1/6,0,28144C
2020/1/7,0,28144C
2020/1/8,0,28144C
2020/1/9,0,28144C
2020/1/10,0,28144C
2020/1/11,0,28144C
2020/1/12,0,28144C
2020/1/13,1,28144C
2020/1/14,0,28144C
2020/1/15,0,28144C
2020/1/16,0,28144C
2020/1/17,0,28144C
2020/1/18,0,28144C
2020/1/19,0,28144C
2020/1/20,0,28144C
2020/1/21,0,28144C
2020/1/22,0,28144C
2020/1/23,1,28144C
2020/1/24,0,28144C
2020/1/25,0,28144C
2020/1/26,1,28144C
2020/1/27,3,28144C
2020/1/28,0,28144C
2020/1/29,1,28144C
2020/1/30,2,28144C
2020/1/31,2,28144C
2020/2/1,1,28144C
2020/2/2,0,28144C
2020/2/3,2,28144C
2020/2/4,0,28144C
2020/2/5,0,28144C
2020/2/6,1,28144C
2020/2/7,1,28144C
2020/2/8,2,28144C
2020/2/9,0,28144C
2020/2/10,0,28144C
2020/2/11,1,28144C
2020/2/12,0,28144C
2020/2/13,0,28144C
2020/2/14,0,28144C
2020/2/15,0,28144C
2020/2/16,0,28144C
2020/2/17,1,28144C
2020/2/18,0,28144C
2020/2/19,2,28144C
2020/2/20,0,28144C
2020/2/21,0,28144C
2020/2/22,1,28144C
2020/2/23,2,28144C
2020/2/24,1,28144C
2020/2/25,1,28144C
2020/2/26,0,28144C
2020/2/27,0,28144C
2020/2/28,1,28144C
2020/2/29,0,28144C
2020/3/1,0,28144C
2020/3/2,4,28144C
2020/3/3,2,28144C
2020/3/4,1,28144C
2020/3/5,2,28144C
2020/3/6,1,28144C
2020/3/7,3,28144C
2020/3/8,1,28144C
2020/3/9,6,28144C
2020/3/10,1,28144C
2020/3/11,2,28144C
2020/3/12,3,28144C
2020/3/13,4,28144C
2020/3/14,0,28144C
2020/3/15,4,28144C
2020/3/16,2,28144C
2020/3/17,4,28144C
2020/3/18,3,28144C
2020/3/19,4,28144C
2020/3/20,5,28144C
2020/3/21,1,28144C
2020/3/22,0,28144C
2020/3/23,2,28144C
2020/3/24,2,28144C
2020/3/25,4,28144C
2020/3/26,4,28144C
2020/3/27,4,28144C
2020/3/28,1,28144C
2020/3/29,0,28144C
2020/3/30,3,28144C
2020/3/31,1,28144C
2020/4/1,1,28144C
2020/4/2,2,28144C
2020/4/3,0,28144C
2020/4/4,1,28144C
2020/4/5,1,28144C
2020/4/6,0,28144C
2020/4/7,2,28144C
2020/4/8,1,28144C
2020/4/9,1,28144C
2020/4/10,1,28144C
2020/4/11,1,28144C
2020/4/12,0,28144C
2020/4/13,1,28144C
2020/4/14,1,28144C
2020/4/15,0,28144C
2020/4/16,0,28144C
2020/4/17,0,28144C
2020/4/18,0,28144C
2020/4/19,0,28144C
2020/4/20,2,28144C
2020/4/21,2,28144C
2020/4/22,0,28144C
2020/4/23,2,28144C
2020/4/24,1,28144C
2020/4/25,0,28144C
2020/4/26,1,28144C
2020/4/27,0,28144C
2020/4/28,0,28144C
2020/4/29,0,28144C
2020/4/30,2,28144C
2020/5/1,1,28144C
2020/5/2,1,28144C
2020/5/3,0,28144C
2020/5/4,1,28144C
2020/5/5,0,28144C
2020/5/6,1,28144C
2020/5/7,2,28144C
2020/5/8,0,28144C
2020/5/9,0,28144C
2020/5/10,1,28144C
2020/5/11,1,28144C
2020/5/12,0,28144C
2020/5/13,0,28144C
2020/5/14,0,28144C
2020/5/15,2,28144C
2020/5/16,0,28144C
2020/5/17,2,28144C
2020/5/18,1,28144C
2020/5/19,1,28144C
2020/5/20,0,28144C
2020/5/21,0,28144C
2020/5/22,0,28144C
2020/5/23,0,28144C
2020/5/24,0,28144C
2020/5/25,0,28144C
2020/5/26,1,28144C
2020/5/27,1,28144C
2020/5/28,0,28144C
2020/5/29,1,28144C
2020/5/30,0,28144C
2020/5/31,0,28144C
2020/6/1,0,28144C
2020/6/2,1,28144C
2020/6/3,0,28144C
2020/6/4,0,28144C
2020/6/5,0,28144C
2020/6/6,0,28144C
2020/6/7,0,28144C
2020/6/8,1,28144C
2020/6/9,0,28144C
2020/6/10,1,28144C
2020/6/11,0,28144C
2020/6/12,0,28144C
2020/6/13,2,28144C
2020/6/14,0,28144C
2020/6/15,4,28144C
2020/6/16,0,28144C
2020/6/17,0,28144C
2020/6/18,0,28144C
2020/6/19,1,28144C
2020/6/20,0,28144C
2020/6/21,0,28144C
2020/6/22,0,28144C
2020/6/23,1,28144C
2020/6/24,0,28144C
2020/6/25,0,28144C
2020/6/26,0,28144C
2020/6/27,1,28144C
2020/6/28,0,28144C
2020/6/29,1,28144C
2020/6/30,0,28144C
2020/7/1,0,28144C
2020/7/2,0,28144C
2020/7/3,0,28144C
2020/7/4,0,28144C
2020/7/5,0,28144C
2020/7/6,0,28144C
2020/7/7,0,28144C
2020/7/8,0,28144C
2020/7/9,0,28144C
2020/7/10,0,28144C
2020/7/11,0,28144C
2020/7/12,0,28144C
2020/7/13,0,28144C
2020/7/14,0,28144C
2020/7/15,0,28144C
2020/7/16,0,28144C
2020/7/17,0,28144C
2020/7/18,0,28144C
2020/7/19,0,28144C
2020/7/20,0,28144C
2020/7/21,0,28144C
2020/7/22,0,28144C
2020/7/23,0,28144C
2020/7/24,0,28144C
2020/7/25,0,28144C
2020/7/26,0,28144C
2020/7/27,1,28144C
2020/7/28,0,28144C
2020/7/29,0,28144C
2020/7/30,0,28144C
2020/7/31,0,28144C
2020/8/1,0,28144C
2020/8/2,0,28144C
2020/8/3,0,28144C
2020/8/4,1,28144C
2020/8/5,0,28144C
2020/8/6,0,28144C
2020/8/7,1,28144C
2020/8/8,0,28144C
2020/8/9,0,28144C
2020/8/10,0,28144C
2020/8/11,0,28144C
2020/8/12,0,28144C
2020/8/13,0,28144C
2020/8/14,0,28144C
2020/8/15,0,28144C
2020/8/16,0,28144C
2020/8/17,0,28144C
2020/8/18,0,28144C
2020/8/19,0,28144C
2020/8/20,0,28144C
2020/8/21,0,28144C
2020/8/22,0,28144C
2020/8/23,0,28144C
2020/8/24,1,28144C
2020/8/25,0,28144C
2020/8/26,0,28144C
2020/8/27,0,28144C
2020/8/28,0,28144C
2020/8/29,0,28144C
2020/8/30,0,28144C
2020/8/31,0,28144C
2020/9/1,0,28144C
2020/9/2,1,28144C
2020/9/3,0,28144C
2020/9/4,0,28144C
2020/9/5,1,28144C
2020/9/6,0,28144C
2020/9/7,0,28144C
2020/9/8,0,28144C
2020/9/9,0,28144C
2020/9/10,0,28144C
2020/9/11,0,28144C
2020/9/12,0,28144C
2020/9/13,0,28144C
2020/9/14,0,28144C
2020/9/15,0,28144C
2020/9/16,1,28144C
2020/9/17,0,28144C
2020/9/18,0,28144C
2020/9/19,0,28144C
2020/9/20,0,28144C
2020/9/21,0,28144C
2020/9/22,0,28144C
2020/9/23,0,28144C
2020/9/24,0,28144C
2020/9/25,0,28144C
2020/9/26,0,28144C
2020/9/27,0,28144C
2020/9/28,0,28144C
2020/9/29,0,28144C
2020/9/30,0,28144C
2020/10/1,0,28144C
2020/10/2,0,28144C
2020/10/3,0,28144C
2020/10/4,0,28144C
2020/10/5,0,28144C
2020/10/6,0,28144C
2020/10/7,0,28144C
2020/10/8,0,28144C
2020/10/9,0,28144C
2020/10/10,0,28144C
2020/10/11,0,28144C
2020/10/12,0,28144C
2020/10/13,0,28144C
2020/10/14,0,28144C
2020/10/15,0,28144C
2020/10/16,0,28144C
2020/10/17,0,28144C
2020/10/18,0,28144C
2020/10/19,1,28144C
2020/10/20,1,28144C
2020/10/21,1,28144C
2020/10/22,0,28144C
2020/10/23,0,28144C
2020/10/24,0,28144C
2020/10/25,0,28144C
2020/10/26,0,28144C
2020/10/27,0,28144C
2020/10/28,0,28144C
2020/10/29,0,28144C
2020/10/30,0,28144C
2020/10/31,1,28144C
2020/11/1,0,28144C
2020/11/2,1,28144C
2020/11/3,0,28144C
2020/11/4,1,28144C
2020/11/5,3,28144C
2020/11/6,0,28144C
2020/11/7,1,28144C
2020/11/8,0,28144C
2020/11/9,0,28144C
2020/11/10,1,28144C
2020/11/11,0,28144C
2020/11/12,0,28144C
2020/11/13,0,28144C
2020/11/14,1,28144C
2020/11/15,0,28144C
2020/11/16,0,28144C
2020/11/17,0,28144C
2020/11/18,1,28144C
2020/11/19,0,28144C
2020/11/20,1,28144C
2020/11/21,0,28144C
2020/11/22,3,28144C
2020/11/23,3,28144C
2020/11/24,1,28144C
2020/11/25,0,28144C
2020/11/26,0,28144C
2020/11/27,0,28144C
2020/11/28,0,28144C
2020/11/29,0,28144C
2020/11/30,0,28144C
2020/12/1,0,28144C
2020/12/2,0,28144C
2020/12/3,1,28144C
2020/12/4,0,28144C
2020/12/5,0,28144C
2020/12/6,0,28144C
2020/12/7,0,28144C
2020/12/8,0,28144C
2020/12/9,0,28144C
2020/12/10,0,28144C
2020/12/11,0,28144C
2020/12/12,1,28144C
2020/12/13,0,28144C
2020/12/14,0,28144C
2020/12/15,0,28144C
2020/12/16,0,28144C
2020/12/17,0,28144C
2020/12/18,0,28144C
2020/12/19,0,28144C
2020/12/20,0,28144C
2020/12/21,0,28144C
2020/12/22,3,28144C
2020/12/23,0,28144C
2020/12/24,1,28144C
2020/12/25,1,28144C
2020/12/26,0,28144C
2020/12/27,1,28144C
2020/12/28,1,28144C
2020/12/29,0,28144C
2020/12/30,0,28144C
2020/12/31,0,28144C
2021/1/1,0,28144C
2021/1/2,0,28144C
2021/1/3,0,28144C
2021/1/4,0,28144C
2021/1/5,1,28144C
2021/1/6,1,28144C
2021/1/7,1,28144C
2021/1/8,1,28144C
2021/1/9,0,28144C
2021/1/10,0,28144C
2021/1/11,0,28144C
2021/1/12,0,28144C
2021/1/13,1,28144C
2021/1/14,1,28144C
2021/1/15,2,28144C
2021/1/16,0,28144C
2021/1/17,0,28144C
2021/1/18,1,28144C
2021/1/19,0,28144C
2021/1/20,0,28144C
2021/1/21,3,28144C
2021/1/22,2,28144C
2021/1/23,0,28144C
2021/1/24,1,28144C
2021/1/25,5,28144C
2021/1/26,0,28144C
2021/1/27,2,28144C
2021/1/28,0,28144C
2021/1/29,0,28144C
2021/1/30,1,28144C
2021/1/31,0,28144C
2021/2/1,4,28144C
2021/2/2,1,28144C
2021/2/3,0,28144C
2021/2/4,0,28144C
2021/2/5,0,28144C
2021/2/6,2,28144C
2021/2/7,0,28144C
2021/2/8,4,28144C
2021/2/9,0,28144C
2021/2/10,2,28144C
2021/2/11,2,28144C
2021/2/12,1,28144C
2021/2/13,0,28144C
2021/2/14,0,28144C
2021/2/15,3,28144C
2021/2/16,2,28144C
2021/2/17,0,28144C
2021/2/18,1,28144C
2021/2/19,1,28144C
2021/2/20,4,28144C
2021/2/21,1,28144C
2021/2/22,0,28144C
2021/2/23,0,28144C
2021/2/24,2,28144C
2021/2/25,0,28144C
2021/2/26,2,28144C
2021/2/27,1,28144C
2021/2/28,0,28144C
2021/3/1,2,28144C
2021/3/2,1,28144C
2021/3/3,0,28144C
2021/3/4,5,28144C
2021/3/5,3,28144C
2021/3/6,0,28144C
2021/3/7,2,28144C
2021/3/8,3,28144C
2021/3/9,1,28144C
2021/3/10,3,28144C
2021/3/11,1,28144C
2021/3/12,1,28144C
2021/3/13,0,28144C
2021/3/14,0,28144C
2021/3/15,4,28144C
2021/3/16,1,28144C
2021/3/17,6,28144C
2021/3/18,3,28144C
2021/3/19,0,28144C
2021/3/20,1,28144C
2021/3/21,2,28144C
2021/3/22,1,28144C
2021/3/23,0,28144C
2021/3/24,3,28144C
2021/3/25,4,28144C
2021/3/26,1,28144C
2021/3/27,0,28144C
2021/3/28,0,28144C
2021/3/29,2,28144C
2021/3/30,0,28144C
2021/3/31,1,28144C
2021/4/1,4,28144C
2021/4/2,1,28144C
2021/4/3,0,28144C
2021/4/4,1,28144C
2021/4/5,0,28144C
2021/4/6,2,28144C
2021/4/7,3,28144C
2021/4/8,0,28144C
2021/4/9,0,28144C
2021/4/10,3,28144C
2021/4/11,4,28144C
2021/4/12,0,28144C
2021/4/13,0,28144C
2021/4/14,6,28144C
2021/4/15,1,28144C
2021/4/16,1,28144C
2021/4/17,0,28144C
2021/4/18,1,28144C
2021/4/19,2,28144C
2021/4/20,1,28144C
2021/4/21,0,28144C
2021/4/22,0,28144C
2021/4/23,0,28144C
2021/4/24,0,28144C
2021/4/25,0,28144C
2021/4/26,0,28144C
2021/4/27,3,28144C
2021/4/28,1,28144C
2021/4/29,2,28144C
2021/4/30,1,28144C
2021/5/1,0,28144C
2021/5/2,0,28144C
2021/5/3,2,28144C
2021/5/4,1,28144C
2021/5/5,1,28144C
2021/5/6,2,28144C
2021/5/7,2,28144C
2021/5/8,0,28144C
2021/5/9,2,28144C
2021/5/10,0,28144C
2021/5/11,0,28144C
2021/5/12,0,28144C
2021/5/13,1,28144C
2021/5/14,0,28144C
2021/5/15,0,28144C
2021/5/16,0,28144C
2021/5/17,0,28144C
2021/5/18,0,28144C
2021/5/19,1,28144C
2021/5/20,0,28144C
2021/5/21,1,28144C
2021/5/22,0,28144C
2021/5/23,0,28144C
2021/5/24,1,28144C
2021/5/25,0,28144C
2021/5/26,2,28144C
2021/5/27,0,28144C
2021/5/28,1,28144C
2021/5/29,0,28144C
2021/5/30,3,28144C
2021/5/31,0,28144C
2021/6/1,2,28144C
2021/6/2,3,28144C
2021/6/3,1,28144C
2021/6/4,0,28144C
2021/6/5,0,28144C
2021/6/6,0,28144C
2021/6/7,1,28144C
2021/6/8,0,28144C
2021/6/9,2,28144C
2021/6/10,0,28144C
2021/6/11,0,28144C
2021/6/12,0,28144C
2021/6/13,0,28144C
2021/6/14,0,28144C
2021/6/15,1,28144C
2021/6/16,0,28144C
2021/6/17,1,28144C
2021/6/18,0,28144C
2021/6/19,0,28144C
2021/6/20,1,28144C
2021/6/21,0,28144C
2021/6/22,0,28144C
2021/6/23,0,28144C
2021/6/24,1,28144C
2021/6/25,1,28144C
2021/6/26,0,28144C
2021/6/27,0,28144C
2021/6/28,1,28144C
2021/6/29,1,28144C
2021/6/30,2,28144C
2021/7/1,0,28144C
2021/7/2,0,28144C
2021/7/3,0,28144C
2021/7/4,0,28144C
2021/7/5,1,28144C
2021/7/6,1,28144C
2021/7/7,2,28144C
2021/7/8,2,28144C
2021/7/9,0,28144C
2021/7/10,0,28144C
2021/7/11,0,28144C
2021/7/12,4,28144C
2021/7/13,1,28144C
2021/7/14,2,28144C
2021/7/15,0,28144C
2021/7/16,1,28144C
2021/7/17,2,28144C
2021/7/18,0,28144C
2021/7/19,1,28144C
2021/7/20,3,28144C
2021/7/21,0,28144C
2021/7/22,5,28144C
2021/7/23,1,28144C
2021/7/24,0,28144C
2021/7/25,0,28144C
2021/7/26,2,28144C
2021/7/27,1,28144C
2021/7/28,0,28144C
2021/7/29,1,28144C
2021/7/30,1,28144C
2021/7/31,0,28144C
2021/8/1,0,28144C
2021/8/2,0,28144C
2021/8/3,0,28144C
2021/8/4,0,28144C
2021/8/5,1,28144C
2021/8/6,2,28144C
2021/8/7,0,28144C
2021/8/8,0,28144C
2021/8/9,0,28144C
2021/8/10,0,28144C
2021/8/11,2,28144C
2021/8/12,2,28144C
2021/8/13,2,28144C
2021/8/14,1,28144C
2021/8/15,1,28144C
2021/8/16,1,28144C
2021/8/17,1,28144C
2021/8/18,1,28144C
2021/8/19,3,28144C
2021/8/20,0,28144C
2021/8/21,0,28144C
2021/8/22,0,28144C
2021/8/23,2,28144C
2021/8/24,2,28144C
2021/8/25,0,28144C
2021/8/26,0,28144C
2021/8/27,1,28144C
2021/8/28,1,28144C
2021/8/29,2,28144C
2021/8/30,1,28144C
2021/8/31,0,28144C
2021/9/1,2,28144C
2021/9/2,1,28144C
2021/9/3,0,28144C
2021/9/4,2,28144C
2021/9/5,3,28144C
2021/9/6,2,28144C
2021/9/7,1,28144C
2021/9/8,1,28144C
2021/9/9,0,28144C
2021/9/10,0,28144C
2021/9/11,2,28144C
2021/9/12,1,28144C
2021/9/13,4,28144C
2021/9/14,2,28144C
2021/9/15,1,28144C
2021/9/16,0,28144C
2021/9/17,1,28144C
2021/9/18,1,28144C
2021/9/19,2,28144C
2021/9/20,5,28144C
2021/9/21,3,28144C
2021/9/22,1,28144C
2021/9/23,1,28144C
2021/9/24,6,28144C
2021/9/25,1,28144C
2021/9/26,0,28144C
2021/9/27,3,28144C
2021/9/28,6,28144C
2021/9/29,3,28144C
2021/9/30,1,28144C
2021/10/1,1,28144C
2021/10/2,2,28144C
2021/10/3,5,28144C
2021/10/4,0,28144C
2021/10/5,0,28144C
2021/10/6,3,28144C
2021/10/7,2,28144C
2021/10/8,1,28144C
2021/10/9,1,28144C
2021/10/10,1,28144C
2021/10/11,3,28144C
2021/10/12,0,28144C
2021/10/13,1,28144C
2021/10/14,3,28144C
2021/10/15,1,28144C
2021/10/16,2,28144C
2021/10/17,0,28144C
2021/10/18,3,28144C
2021/10/19,4,28144C
2021/10/20,4,28144C
2021/10/21,2,28144C
2021/10/22,7,28144C
2021/10/23,3,28144C
2021/10/24,1,28144C
2021/10/25,3,28144C
2021/10/26,1,28144C
2021/10/27,2,28144C
2021/10/28,1,28144C
2021/10/29,1,28144C
2021/10/30,0,28144C
2021/10/31,2,28144C
2021/11/1,2,28144C
2021/11/2,1,28144C
2021/11/3,1,28144C
2021/11/4,6,28144C
2021/11/5,1,28144C
2021/11/6,1,28144C
2021/11/7,3,28144C
2021/11/8,3,28144C
2021/11/9,4,28144C
2021/11/10,2,28144C
2021/11/11,1,28144C
2021/11/12,6,28144C
2021/11/13,1,28144C
2021/11/14,1,28144C
2021/11/15,1,28144C
2021/11/16,4,28144C
2021/11/17,5,28144C
2021/11/18,5,28144C
2021/11/19,2,28144C
2021/11/20,3,28144C
2021/11/21,5,28144C
2021/11/22,3,28144C
2021/11/23,2,28144C
2021/11/24,1,28144C
2021/11/25,3,28144C
2021/11/26,3,28144C
2021/11/27,0,28144C
2021/11/28,2,28144C
2021/11/29,4,28144C
2021/11/30,4,28144C
2021/12/1,6,28144C
2021/12/2,3,28144C
2021/12/3,3,28144C
2021/12/4,5,28144C
2021/12/5,1,28144C
2021/12/6,4,28144C
2021/12/7,2,28144C
2021/12/8,2,28144C
2021/12/9,5,28144C
2021/12/10,3,28144C
2021/12/11,2,28144C
2021/12/12,1,28144C
2021/12/13,2,28144C
2021/12/14,1,28144C
2021/12/15,7,28144C
2021/12/16,4,28144C
2021/12/17,0,28144C
2021/12/18,2,28144C
2021/12/19,2,28144C
2021/12/20,1,28144C
2021/12/21,5,28144C
2021/12/22,2,28144C
2021/12/23,4,28144C
2021/12/24,2,28144C
2021/12/25,1,28144C
2021/12/26,0,28144C
2021/12/27,2,28144C
2021/12/28,9,28144C
2021/12/29,0,28144C
2021/12/30,4,28144C
2021/12/31,0,28144C
2022/1/1,1,28144C
2022/1/2,0,28144C
2022/1/3,4,28144C
2022/1/4,6,28144C
2022/1/5,2,28144C
2022/1/6,0,28144C
2022/1/7,2,28144C
2022/1/8,2,28144C
2022/1/9,1,28144C
2022/1/10,1,28144C
2022/1/11,4,28144C
2022/1/12,1,28144C
2022/1/13,2,28144C
2022/1/14,0,28144C
2022/1/15,2,28144C
2022/1/16,0,28144C
2022/1/17,0,28144C
2022/1/18,0,28144C
2022/1/19,0,28144C
2022/1/20,0,28144C
2022/1/21,0,28144C
2022/1/22,0,28144C
2022/1/23,0,28144C
2022/1/24,0,28144C
2022/1/25,0,28144C
2022/1/26,0,28144C
2022/1/27,0,28144C
2022/1/28,0,28144C
2022/1/29,1,28144C
2022/1/30,0,28144C
2022/1/31,0,28144C
2022/2/1,0,28144C
2022/2/2,0,28144C
2022/2/3,0,28144C
2022/2/4,0,28144C
2022/2/5,0,28144C
2022/2/6,0,28144C
2022/2/7,0,28144C
2022/2/8,0,28144C
2022/2/9,0,28144C
2022/2/10,0,28144C
2022/2/11,0,28144C
2022/2/12,0,28144C
2022/2/13,0,28144C
2022/2/14,0,28144C
2022/2/15,0,28144C
2022/2/16,0,28144C
2022/2/17,0,28144C
2022/2/18,0,28144C
2022/2/19,1,28144C
2022/2/20,0,28144C
2022/2/21,1,28144C
2022/2/22,0,28144C
2022/2/23,0,28144C
2022/2/24,0,28144C
2022/2/25,0,28144C
2022/2/26,0,28144C
2022/2/27,1,28144C
2022/2/28,2,28144C
2022/3/1,0,28144C
2022/3/2,0,28144C
2022/3/3,1,28144C
2022/3/4,0,28144C
2022/3/5,0,28144C
2022/3/6,0,28144C
2022/3/7,2,28144C
2022/3/8,0,28144C
2022/3/9,0,28144C
2022/3/10,1,28144C
2022/3/11,2,28144C
2022/3/12,1,28144C
2022/3/13,0,28144C
2022/3/14,0,28144C
2022/3/15,0,28144C
2022/3/16,0,28144C
2022/3/17,0,28144C
2022/3/18,1,28144C
2022/3/19,0,28144C
2022/3/20,0,28144C
2022/3/21,0,28144C
2022/3/22,0,28144C
2022/3/23,0,28144C
2022/3/24,0,28144C
2022/3/25,0,28144C
2022/3/26,0,28144C
2022/3/27,0,28144C
2022/3/28,0,28144C
2022/3/29,0,28144C
2022/3/30,0,28144C
2022/3/31,0,28144C
2022/4/1,0,28144C
2022/4/2,0,28144C
2022/4/3,0,28144C
2022/4/4,0,28144C
2022/4/5,0,28144C
2022/4/6,0,28144C
2022/4/7,0,28144C
2022/4/8,0,28144C
2022/4/9,0,28144C
2022/4/10,0,28144C
2022/4/11,1,28144C
2022/4/12,0,28144C
2022/4/13,0,28144C
2022/4/14,0,28144C
2022/4/15,0,28144C
2022/4/16,0,28144C
2022/4/17,0,28144C
2022/4/18,0,28144C
2022/4/19,0,28144C
2022/4/20,0,28144C
2022/4/21,0,28144C
2022/4/22,0,28144C
2022/4/23,0,28144C
2022/4/24,0,28144C
2022/4/25,0,28144C
2022/4/26,0,28144C
2022/4/27,0,28144C
2022/4/28,0,28144C
2022/4/29,0,28144C
2022/4/30,0,28144C
2022/5/1,0,28144C
2022/5/2,0,28144C
2022/5/3,0,28144C
2022/5/4,0,28144C
2022/5/5,0,28144C
2022/5/6,0,28144C
2022/5/7,0,28144C
2022/5/8,0,28144C
2022/5/9,1,28144C
2022/5/10,0,28144C
2022/5/11,0,28144C
2022/5/12,0,28144C
2022/5/13,0,28144C
2022/5/14,0,28144C
2022/5/15,0,28144C
2022/5/16,0,28144C
2022/5/17,0,28144C
2022/5/18,0,28144C
2022/5/19,0,28144C
2022/5/20,0,28144C
2022/5/21,0,28144C
2022/5/22,0,28144C
2022/5/23,0,28144C
2022/5/24,0,28144C
2022/5/25,0,28144C
2022/5/26,1,28144C
2022/5/27,1,28144C
2022/5/28,0,28144C
2022/5/29,0,28144C
2022/5/30,0,28144C
2022/5/31,0,28144C
2022/6/1,0,28144C
2022/6/2,0,28144C
2022/6/3,0,28144C
2022/6/4,0,28144C
2022/6/5,1,28144C
2022/6/6,0,28144C
2022/6/7,0,28144C
2022/6/8,0,28144C
2022/6/9,1,28144C
2022/6/10,0,28144C
2022/6/11,0,28144C
2022/6/12,0,28144C
2022/6/13,0,28144C
2022/6/14,0,28144C
2022/6/15,0,28144C
2022/6/16,0,28144C
2022/6/17,0,28144C
2022/6/18,2,28144C
2022/6/19,1,28144C
2022/6/20,0,28144C
2022/6/21,0,28144C
2022/6/22,1,28144C
2022/6/23,0,28144C
2022/6/24,0,28144C
2022/6/25,0,28144C
2022/6/26,0,28144C
2022/6/27,0,28144C
2022/6/28,0,28144C
2022/6/29,0,28144C
2022/6/30,0,28144C
2022/7/1,0,28144C
2022/7/2,0,28144C
2022/7/3,0,28144C
2022/7/4,0,28144C
2022/7/5,0,28144C
2022/7/6,0,28144C
2022/7/7,0,28144C
2022/7/8,0,28144C
2022/7/9,0,28144C
2022/7/10,0,28144C
2022/7/11,0,28144C
2022/7/12,0,28144C
2022/7/13,0,28144C
2022/7/14,0,28144C
2022/7/15,0,28144C
2022/7/16,0,28144C
2022/7/17,0,28144C
2022/7/18,0,28144C
2022/7/19,0,28144C
2022/7/20,0,28144C
2022/7/21,0,28144C
2022/7/22,0,28144C
2022/7/23,0,28144C
2022/7/24,0,28144C
2022/7/25,1,28144C
2022/7/26,0,28144C
2022/7/27,0,28144C
2022/7/28,0,28144C
2022/7/29,0,28144C
2022/7/30,0,28144C
2022/7/31,0,28144C
2022/8/1,0,28144C
2022/8/2,0,28144C
2022/8/3,0,28144C
2022/8/4,0,28144C
2022/8/5,0,28144C
2022/8/6,0,28144C
2022/8/7,0,28144C
2022/8/8,0,28144C
2022/8/9,0,28144C
2022/8/10,0,28144C
2022/8/11,0,28144C
2022/8/12,0,28144C
2022/8/13,0,28144C
2022/8/14,0,28144C
2022/8/15,0,28144C
2022/8/16,0,28144C
2022/8/17,0,28144C
2022/8/18,0,28144C
2022/8/19,0,28144C
2022/8/20,0,28144C
2022/8/21,0,28144C
2022/8/22,0,28144C
2022/8/23,0,28144C
2022/8/24,0,28144C
2022/8/25,0,28144C
2022/8/26,0,28144C
2022/8/27,0,28144C
2022/8/28,0,28144C
2022/8/29,0,28144C
2022/8/30,0,28144C
2022/8/31,0,28144C
2022/9/1,0,28144C
2022/9/2,0,28144C
2022/9/3,0,28144C
2022/9/4,0,28144C
2022/9/5,0,28144C
2022/9/6,0,28144C
2022/9/7,0,28144C
2022/9/8,0,28144C
2022/9/9,0,28144C
2022/9/10,0,28144C
2022/9/11,0,28144C
2022/9/12,0,28144C
2022/9/13,0,28144C
2022/9/14,0,28144C
2022/9/15,0,28144C
2022/9/16,0,28144C
2022/9/17,0,28144C
2022/9/18,0,28144C
2022/9/19,0,28144C
2022/9/20,0,28144C
2022/9/21,0,28144C
2022/9/22,0,28144C
2022/9/23,0,28144C
2022/9/24,0,28144C
2022/9/25,0,28144C
2022/9/26,0,28144C
2022/9/27,0,28144C
2022/9/28,0,28144C
2022/9/29,0,28144C
2022/9/30,0,28144C
2022/10/1,0,28144C
2022/10/2,0,28144C
2022/10/3,0,28144C